filename,sha256,aircraft_name,product_type,aircraft_sn,battery_sn,start_time_utc,total_time_s,total_distance_m,max_height_m,max_hspeed_mps,app_platform,app_version,capture_num,already_on_bos
DJIFlightRecord_2023-08-01_[15-24-08].txt,23363d584d3746b595be4ac6063ccd5ec4e7fc83028091e15bd1a5962844e589,Bad Mother Fucker,Mavic3Pro,1581F67QE236L00A,4ERKL536G31L85,2023-08-01T22:24:08.596+00:00,759.6,7.6,408.0,21.1,DJIFly,1.11.0,0,no
DJIFlightRecord_2023-08-01_[16-49-01].txt,c5e3946c56b326706c0a7409fa6154e0b2adf50a7724b8a09a867b54eb315283,Bad Mother Fucker,Mavic3Pro,1581F67QE236L00A,4ERKL656G312D5,2023-08-01T23:49:01.484+00:00,1011.3,6.3,462.0,21.3,DJIFly,1.11.0,0,no
DJIFlightRecord_2023-08-01_[17-08-10].txt,9e3dc55ad7b3d2ff2b7cf3dfe84418774e9302cca90ca9a94aa869345da1f32d,Bad Mother Fucker,Mavic3Pro,1581F67QE236L00A,4ERKL656G312D5,2023-08-02T00:08:10.873+00:00,391.4,1.3,110.0,21.0,DJIFly,1.11.0,0,no
DJIFlightRecord_2023-08-02_[14-58-48].txt,f46e29dd4001ed707930ea840821e09dfc2c978e458735d29e18871635a0501b,Bad Mother Fucker,Mavic3Pro,1581F67QE236L00A,4ERKL536G31L85,2023-08-02T21:58:48.924+00:00,5.5,0.0,0.0,0.0,DJIFly,1.11.0,0,no
DJIFlightRecord_2023-08-02_[16-16-59].txt,d5dedbb1c5d27ad3aed8d695b3cdc29b77cb14fddc89d2e11a4c6fdc9869fbcf,Bad Mother Fucker,Mavic3Pro,1581F67QE236L00A,4ERKL656G30QN5,2023-08-02T23:16:59.701+00:00,98.8,0.1,0.0,6.7,DJIFly,1.11.0,0,no
DJIFlightRecord_2023-08-02_[16-18-49].txt,db458eceff1b3bf7fab57da0f7947d50493f69638c3a1ce9c1927ee16a528396,Bad Mother Fucker,Mavic3Pro,1581F67QE236L00A,4ERKL656G30QN5,2023-08-02T23:18:49.367+00:00,424.8,5.6,191.0,21.2,DJIFly,1.11.0,0,no
DJIFlightRecord_2023-08-02_[16-26-19].txt,7b15221d0d3fd8e8992d1b8583cb704cc0ddf56b82460f2103fcfca866453867,Bad Mother Fucker,Mavic3Pro,1581F67QE236L00A,4ERKL656G30QN5,2023-08-02T23:26:19.722+00:00,10.2,0.0,0.0,0.0,DJIFly,1.11.0,0,no
DJIFlightRecord_2023-08-02_[22-34-06].txt,61e6ad309e2ec7183b5a98f0eb3fda3e5a236eb361d8abd4b9440f6b7402fe6f,Bad Mother Fucker,Mavic3Pro,1581F67QE236L00A,4ERKL656G30QN5,2023-08-03T05:34:06.810+00:00,330.9,0.1,132.0,5.0,DJIFly,1.11.0,0,no
DJIFlightRecord_2023-08-04_[16-57-51].txt,c0298001bc7327b44697c9995313f412531bb528f32018b084fac64db15d7acb,Bad Mother Fucker,Mavic3Pro,1581F67QE236L00A,4ERKL536G31L85,2023-08-04T23:57:51.012+00:00,695.1,5.5,261.0,21.4,DJIFly,1.11.0,0,no
DJIFlightRecord_2023-08-09_[17-08-22].txt,68ad91d979091b03797f1b9f0a6eecb7fbb9b6fd9b216d1e6fe7bb3050d3c067,Bad Mother Fucker,Mavic3Pro,1581F67QE236L00A,4ERKL536G31L85,2023-08-10T00:08:22.471+00:00,1281.0,7.8,312.0,21.3,DJIFly,1.11.0,0,no
DJIFlightRecord_2023-08-12_[14-26-54].txt,1a722c51c742952612b64c9bcc19c12f5589b617d47b2d33fe8a8d9b79924662,Bad Mother Fucker,Mavic3Pro,1581F67QE236L00A,4ERKL536G31L85,2023-08-12T21:26:54.299+00:00,524.3,5.2,343.0,20.7,DJIFly,1.11.0,0,no
DJIFlightRecord_2023-08-13_[14-47-22].txt,8d2f879922561e33b313d1e23518e924dd4513e5d7b6fa5aefd25aca891277ed,Bad Mother Fucker,Mavic3Pro,1581F67QE236L00A,4ERKL536G31L85,2023-08-13T21:47:22.758+00:00,562.7,7.7,240.0,21.2,DJIFly,1.11.0,0,no
DJIFlightRecord_2023-08-21_[06-16-05].txt,51cd2a83b70e817537b5c207a099601e1e12a4aca268c6c14e329635988cb919,Bad Mother Fucker,Mavic3Pro,1581F67QE236L00A,4ERKL536G31L85,2023-08-21T13:16:05.849+00:00,886.9,9.3,500.0,21.5,DJIFly,1.11.0,0,no
DJIFlightRecord_2023-08-25_[21-04-06].txt,b2e98ffe1a0129f26e514c8fc0600c6f2d493e5301c5e4de4cd592069b995f6b,Bad Mother Fucker,Mavic3Pro,1581F67QE236L00A,4ERKL656G30QN5,2023-08-26T04:04:06.880+00:00,1323.2,13.4,500.0,21.3,DJIFly,1.11.0,0,no
DJIFlightRecord_2023-08-26_[12-56-11].txt,9353931883e7a8c990fcc22be4cc9b8ac9f9ed8e9ae222b40986cdcc17920eb9,Bad Mother Fucker,Mavic3Pro,1581F67QE236L00A,4ERKL656G30QN5,2023-08-26T19:56:11.481+00:00,1114.5,14.9,500.0,21.4,DJIFly,1.11.0,0,no
DJIFlightRecord_2023-08-26_[18-38-08].txt,4d554791615d1110e4a2b8cd274e458ccc19ab99ad6e102332bfdf6a67a456d1,Bad Mother Fucker,Mavic3Pro,1581F67QE236L00A,4ERKL656G312D5,2023-08-27T01:38:08.902+00:00,644.1,1.2,34.0,20.7,DJIFly,1.11.0,0,no
DJIFlightRecord_2023-08-27_[20-08-25].txt,2edc4437a836cf64dd45a1debd8319da6de2a248e966a3a4ae8bee5231d31cbf,Bad Mother Fucker,Mavic3Pro,1581F67QE236L00A,4ERKL656G312D5,2023-08-28T03:08:25.972+00:00,638.8,5.8,125.0,21.4,DJIFly,1.11.0,0,no
DJIFlightRecord_2023-08-30_[15-15-14].txt,3fc26fc3da52e7e8a6d47afa7b9be608d33a724f331928fd3a152beffbf67480,Bad Mother Fucker,Mavic3Pro,1581F67QE236L00A,4ERKL536G31L85,2023-08-30T22:15:14.258+00:00,1559.8,5.1,170.0,21.2,DJIFly,1.11.0,0,no
DJIFlightRecord_2023-09-04_[18-12-20].txt,d8816383ac03ae653117c4b09f953f954d8b086e3fcc45aa0d3056624c09a920,Bad Mother Fucker,Mavic3Pro,1581F67QE236L00A,4ERKL656G30QN5,2023-09-05T01:12:20.910+00:00,949.1,6.0,373.0,21.2,DJIFly,1.11.0,0,no
DJIFlightRecord_2023-09-04_[18-28-29].txt,6e2742205517ebff7ca25288cf25be5e452c45873002d7df035a9283c39cd93e,Bad Mother Fucker,Mavic3Pro,1581F67QE236L00A,4ERKL656G30QN5,2023-09-05T01:28:29.959+00:00,50.2,0.1,9.0,7.3,DJIFly,1.11.0,0,no
DJIFlightRecord_2023-09-04_[18-34-40].txt,75ea1b2da21364e7730fd15d712a4ce203bab5aaaf395b8731516493326f8efa,Bad Mother Fucker,Mavic3Pro,1581F67QE236L00A,4ERKL656G30QN5,2023-09-05T01:34:40.297+00:00,469.6,0.6,32.0,10.8,DJIFly,1.11.0,0,no
DJIFlightRecord_2023-09-04_[19-42-13].txt,d778f582e1eb8db3ac0a3af1142bba858aed8d956d92eb1ca5271b4939c79289,Bad Mother Fucker,Mavic3Pro,1581F67QE236L00A,4ERKL656G312D5,2023-09-05T02:42:13.720+00:00,1248.1,2.0,280.0,18.1,DJIFly,1.11.0,0,no
DJIFlightRecord_2023-09-06_[15-37-14].txt,c74a8681585178ebc4c399e5626fc7cbe35bc88d2fcc0ce73b1552865789c9a6,Bad Mother Fucker,Mavic3Pro,1581F67QE236L00A,4ERKL656G312D5,2023-09-06T22:37:14.011+00:00,950.7,3.5,499.0,15.1,DJIFly,1.11.4,0,no
DJIFlightRecord_2023-09-06_[15-55-08].txt,1417313ac437de256e007df78e8f8f4b55e58f8914e4bb114a8364f957b8133a,Bad Mother Fucker,Mavic3Pro,1581F67QE236L00A,4ERKL656G312D5,2023-09-06T22:55:08.629+00:00,83.7,0.1,1.0,10.5,DJIFly,1.11.4,0,no
DJIFlightRecord_2023-09-10_[13-54-50].txt,cfe50ddb0304501ebcf6058c4c4a56dcfd566f6616279a0670f5ec5cf56ac9ab,Bad Mother Fucker,Mavic3Pro,1581F67QE236L00A,4ERKL536G31L85,2023-09-10T20:54:50.544+00:00,1585.6,9.6,253.0,20.9,DJIFly,1.11.4,0,no
DJIFlightRecord_2023-09-10_[18-59-29].txt,9b14f242779267e1e2334f563d6f22fd6e0d4dc39455d46c7ff150310d6294a6,Bad Mother Fucker,Mavic3Pro,1581F67QE236L00A,4ERKL656G30QN5,2023-09-11T01:59:29.290+00:00,427.9,1.3,109.0,20.9,DJIFly,1.11.4,0,no
DJIFlightRecord_2023-09-10_[19-09-25].txt,11b43a888ba85c8b8720ed0fd1d5c4c876c6f5830f46d5860e5c9b861559309a,Bad Mother Fucker,Mavic3Pro,1581F67QE236L00A,4ERKL656G30QN5,2023-09-11T02:09:25.547+00:00,731.7,1.0,429.0,15.9,DJIFly,1.11.4,0,no
DJIFlightRecord_2023-09-12_[09-21-30].txt,3ff968e25cb06f3bfc8f4ca058a5105c916872522b5e89db0e1ff6de90649a71,Bad Mother Fucker,Mavic3Pro,1581F67QE236L00A,4ERKL656G30QN5,2023-09-12T16:21:30.434+00:00,731.7,8.6,333.0,21.3,DJIFly,1.11.4,0,no
DJIFlightRecord_2023-09-15_[13-32-26].txt,44cd30caf4f08b3a632759b2a37a6054a7670c4fa38914eae7d2c88c14a9d866,Bad Mother Fucker,Mavic3Pro,1581F67QE236L00A,4ERKL536G31L85,2023-09-15T20:32:26.673+00:00,1037.3,9.2,160.0,22.0,DJIFly,1.11.4,0,no
DJIFlightRecord_2023-09-16_[19-28-14].txt,f3eeac8f344582084f78a310792a923bdca0d04de584c078fb4b731ff877b24b,Bad Mother Fucker,Mavic3Pro,1581F67QE236L00A,4ERKL656G312D5,2023-09-17T02:28:14.658+00:00,1553.4,8.5,199.0,15.1,DJIFly,1.11.4,0,no
DJIFlightRecord_2023-09-16_[19-55-15].txt,ed5ea8a5e2c0dada479cbd1fed6fcbbe3ab6bdf1cf011d0dc9453779b31e1821,Bad Mother Fucker,Mavic3Pro,1581F67QE236L00A,4ERKL656G30QN5,2023-09-17T02:55:15.743+00:00,702.5,2.1,108.0,15.3,DJIFly,1.11.4,0,no
DJIFlightRecord_2023-09-17_[15-46-51].txt,531d6d7815c2124d540407e2909855a4e34e36d39d98a0dfb7cc91b41d87010f,Bad Mother Fucker,Mavic3Pro,1581F67QE236L00A,4ERKL536G31L85,2023-09-17T22:46:51.882+00:00,50.1,0.0,0.0,0.0,DJIFly,1.11.4,0,no
DJIFlightRecord_2023-09-17_[15-48-28].txt,a24ec5dd8da0ab0c204554ca9f9396b3ab03a19f9442ca7543ad3cca4a47d90d,Bad Mother Fucker,Mavic3Pro,1581F67QE236L00A,4ERKL536G31L85,2023-09-17T22:48:28.520+00:00,867.4,10.6,249.0,21.3,DJIFly,1.11.4,0,no
DJIFlightRecord_2023-09-17_[16-03-09].txt,fb74bbe54f14c136eee61223db9911aa8ba6fa2d659687ad23336199b95de4a5,Bad Mother Fucker,Mavic3Pro,1581F67QE236L00A,4ERKL536G31L85,2023-09-17T23:03:09.026+00:00,171.2,0.2,163.0,10.2,DJIFly,1.11.4,0,no
DJIFlightRecord_2023-09-23_[17-05-20].txt,8c1233b83f0de67f08366720c740ca3bdb8acc4459454d13f15d65145362799b,Bad Mother Fucker,Mavic3Pro,1581F67QE236L00A,4ERKL656G312D5,2023-09-24T00:05:20.938+00:00,725.0,0.9,188.0,17.5,DJIFly,1.11.4,0,no
DJIFlightRecord_2023-09-27_[18-07-03].txt,6d26a3f6abfa3d9cbb50b6df704f363bbf47f85c0ff1cb8504cba4592a9a3dae,Bad Mother Fucker,Mavic3Pro,1581F67QE236L00A,4ERKL656G312D5,2023-09-28T01:07:03.290+00:00,1376.7,9.3,381.0,19.9,DJIFly,1.11.4,0,no
DJIFlightRecord_2023-09-28_[10-37-18].txt,ba11b5c17295b9fe4984cf0a770c3964f3e8b28c6874eddfee9efc99eb32e36e,Bad Mother Fucker,Mavic3Pro,1581F67QE236L00A,4ERKL656G30QN5,2023-09-28T17:37:18.672+00:00,189.1,0.3,170.0,13.4,DJIFly,1.11.4,0,no
DJIFlightRecord_2023-09-30_[00-23-15].txt,6ddabde287ef7ae536c2514e3a370e70aa15f5a976a2270add572eeb3bab484e,Bad Mother Fucker,Mavic3Pro,1581F67QE236L00A,4ERKL536G31L85,2023-09-30T07:23:15.827+00:00,261.8,0.1,217.0,7.7,DJIFly,1.11.4,0,no
DJIFlightRecord_2023-10-03_[15-27-36].txt,2541e68c2ede22d1b5e1b7ee7d3632c7fc81601800ce2a0020c006d863d74928,Bad Mother Fucker,Mavic3Pro,1581F67QE236L00A,4ERKL536G31L85,2023-10-03T22:27:36.420+00:00,1423.9,6.8,147.0,16.5,DJIFly,1.12.0,0,no
DJIFlightRecord_2023-10-07_[10-28-00].txt,a844809eb55965fbf2265f74f7964138169c9d4f1bb0088440349e615794a39e,Bad Mother Fucker,Mavic3Pro,1581F67QE236L00A,4ERKL656G30QN5,2023-10-07T17:28:00.454+00:00,1635.9,11.3,204.0,15.2,DJIFly,1.12.0,0,no
DJIFlightRecord_2023-10-08_[14-39-47].txt,1b1393c0b7bef6675344e917c064664bf64c59a00f7788aec3845433308ebd2d,Bad Mother Fucker,Mavic3Pro,1581F67QE236L00A,4ERKL656G312D5,2023-10-08T21:39:47.793+00:00,12.4,0.0,0.0,0.9,DJIFly,1.12.0,0,no
DJIFlightRecord_2023-10-08_[14-41-03].txt,c35a0e5ed1af2221256ef78366b4ffb5586c6611581c688a18b65046c41de75b,Bad Mother Fucker,Mavic3Pro,1581F67QE236L00A,4ERKL656G312D5,2023-10-08T21:41:03.462+00:00,1166.4,12.4,396.0,21.6,DJIFly,1.12.0,0,no
DJIFlightRecord_2023-10-14_[14-36-56].txt,1a307164cb3eb2d541a60cfa54b8a7b539004c16a85abd852b0e24c442722205,Bad Mother Fucker,Mavic3Pro,1581F67QE236L00A,4ERKL656G30QN5,2023-10-14T21:36:56.418+00:00,777.2,6.6,196.0,21.2,DJIFly,1.12.0,0,no
DJIFlightRecord_2023-10-28_[01-03-04].txt,5d3ba9a14d75022b95acfa3dd946548553a3b4732cf2dfaea3fe2cb50402566f,Bad Mother Fucker,Mavic3Pro,1581F67QE236L00A,4ERKL536G31L85,2023-10-28T08:03:04.739+00:00,1637.6,5.4,117.0,15.1,DJIFly,1.12.2,0,no
DJIFlightRecord_2023-11-09_[06-47-24].txt,f70702a93d34e5ae1d5c928f0717f2661d672c5ad1506090d0c3b0b35e8e0673,Bad Mother Fucker,Mavic3Pro,1581F67QE236L00A,4ERKL656G312D5,2023-11-09T14:47:24.969+00:00,573.2,5.2,246.0,15.2,DJIFly,1.12.2,0,no
DJIFlightRecord_2023-12-06_[14-51-53].txt,461957b3e7a0706b8d0372b612c3f3f9ced2f28092a845845b6e3c9f68e19b61,Bad Mother Fucker,Mavic3Pro,1581F67QE236L00A,4ERKL656G30QN5,2023-12-06T22:51:53.446+00:00,1180.5,10.1,325.0,21.5,DJIFly,1.12.3,0,no
DJIFlightRecord_2023-12-09_[10-54-40].txt,4c99c9ffbb4b7ff5049a105fb27c117de6443bf3117d2213beea511494d9128c,Bad Mother Fucker,Mavic3Pro,1581F67QE236L00A,4ERKL536G31L85,2023-12-09T18:54:40.513+00:00,5.3,0.0,0.0,0.1,DJIFly,1.12.3,0,no
DJIFlightRecord_2023-12-09_[10-56-02].txt,57c54800b4eb667340ecdfac34ccd62f84b2a9d499aef43dec9b8b6345f82291,Bad Mother Fucker,Mavic3Pro,1581F67QE236L00A,4ERKL536G31L85,2023-12-09T18:56:02.804+00:00,7.9,0.0,0.0,0.0,DJIFly,1.12.3,0,no
DJIFlightRecord_2023-12-09_[10-57-32].txt,aa0d2b2920c83648cfa340927bf27505a44ccd3c33d66a2d78d36e9cf472635e,Bad Mother Fucker,Mavic3Pro,1581F67QE236L00A,4ERKL536G31L85,2023-12-09T18:57:32.799+00:00,1267.4,10.2,85.0,21.4,DJIFly,1.12.3,0,no
DJIFlightRecord_2023-12-09_[11-22-17].txt,b6e189093673f6c938408a1c4171c9ef8322136369c887f06b0cd2a197278ba2,Bad Mother Fucker,Mavic3Pro,1581F67QE236L00A,4ERKL656G30QN5,2023-12-09T19:22:17.204+00:00,1306.0,10.4,500.0,21.4,DJIFly,1.12.3,0,no
DJIFlightRecord_2023-12-09_[15-36-00].txt,cb406f74103daa90b2c04e3a82597941752686e9d12429165600940f846b50f2,Bad Mother Fucker,Mavic3Pro,1581F67QE236L00A,4ERKL656G312D5,2023-12-09T23:36:00.216+00:00,1305.8,10.1,268.0,20.9,DJIFly,1.12.3,0,no
DJIFlightRecord_2023-12-23_[10-32-50].txt,92e2932dccffd669cf615958fa6884406ba1ced7fd17fa778b9c5628d63a2d8b,Bad Mother Fucker,Mavic3Pro,1581F67QE236L00A,4ERKL656G30QN5,2023-12-23T18:32:50.325+00:00,396.3,4.1,498.0,15.3,DJIFly,1.12.4,0,no
DJIFlightRecord_2023-12-25_[14-46-05].txt,b5808657cfea073e12ee7f50cb04e9d71d5a082c65c81697c79fd31bbe62f754,Bad Mother Fucker,Mavic3Pro,1581F67QE236L00A,4ERKL656G312D5,2023-12-25T22:46:05.538+00:00,540.6,5.1,198.0,16.1,DJIFly,1.12.4,0,no
DJIFlightRecord_2024-01-01_[14-45-17].txt,0b1fe184cc2a9209c183aa3496a5643cadc987436596b487cadbfd317f13bb06,Bad Mother Fucker,Mavic3Pro,1581F67QE236L00A,4ERKL536G31L85,2024-01-01T22:45:17.322+00:00,1336.3,14.6,496.0,20.8,DJIFly,1.12.5,0,no
DJIFlightRecord_2024-01-01_[16-42-24].txt,7cfb1324b0d2a58b70e572517147481b7c66b663e42622d76db60dff49a307db,Bad Mother Fucker,Mavic3Pro,1581F67QE236L00A,4ERKL656G30QN5,2024-01-02T00:42:24.571+00:00,849.4,3.1,286.0,20.6,DJIFly,1.12.5,0,no
DJIFlightRecord_2024-01-07_[16-04-43].txt,83768d8ed12e96cbd2671c9da0513e20ea23e40780e7154e26649df47e8fe801,Bad Mother Fucker,Mavic3Pro,1581F67QE236L00A,4ERKL656G312D5,2024-01-08T00:04:43.340+00:00,3.7,0.0,0.0,0.0,DJIFly,1.12.5,0,no
DJIFlightRecord_2024-01-07_[16-04-48].txt,6c7e0b7acb0c94898ceb07fa23524466e5bb2104ef34e59d10bb5fbea5275adc,Bad Mother Fucker,Mavic3Pro,1581F67QE236L00A,4ERKL656G312D5,2024-01-08T00:04:48.584+00:00,672.5,5.3,195.0,21.4,DJIFly,1.12.5,0,no
DJIFlightRecord_2024-01-07_[16-17-38].txt,0034fe5a42e80f002427143498a1afcdcb6cd96bc365cf4f38abcb4d331847f3,Bad Mother Fucker,Mavic3Pro,1581F67QE236L00A,4ERKL656G312D5,2024-01-08T00:17:38.442+00:00,217.4,0.6,213.0,15.3,DJIFly,1.12.5,0,no
DJIFlightRecord_2024-01-14_[23-01-40].txt,d83e940efe4321e0afb1cd2d07f8bdf2227dd1b13f74662767ff432c462986f3,Bad Mother Fucker,Mavic3Pro,1581F67QE236L00A,4ERKL536G31L85,2024-01-15T07:01:40.350+00:00,274.8,1.2,188.0,15.3,DJIFly,1.12.5,0,no
DJIFlightRecord_2024-01-24_[10-18-52].txt,d8dd8d98047f3b39a2f548eb2e2828bb7ecfe72c6b8521941bd133bc07639874,Bad Mother Fucker,Mavic3Pro,1581F67QE236L00A,4ERKL536G31L85,2024-01-24T18:18:52.939+00:00,295.6,0.4,56.0,14.5,DJIFly,1.12.5,0,no
DJIFlightRecord_2024-01-24_[10-26-00].txt,0ff49b7a008046fa62c1041b767c1d1747851505cde1fd0801d51313a2faf885,Bad Mother Fucker,Mavic3Pro,1581F67QE236L00A,4ERKL536G31L85,2024-01-24T18:26:00.038+00:00,198.1,0.2,25.0,9.0,DJIFly,1.12.5,0,no
DJIFlightRecord_2024-01-24_[10-36-50].txt,53a51161553ed8b4ec822e32e47bea3c26edae5a3f2b1f648139685971669303,Bad Mother Fucker,Mavic3Pro,1581F67QE236L00A,4ERKL536G31L85,2024-01-24T18:36:50.641+00:00,296.8,0.8,294.0,18.2,DJIFly,1.12.5,0,no
DJIFlightRecord_2024-01-24_[11-19-46].txt,4c91d61a9c4505ee0bebbc1245c2cd46a6cc3b61e5c568f1217b792985fa359d,Bad Mother Fucker,Mavic3Pro,1581F67QE236L00A,4ERKL536G31L85,2024-01-24T19:19:46.068+00:00,35.0,0.0,3.0,0.9,DJIFly,1.12.5,0,no
DJIFlightRecord_2024-01-24_[11-21-53].txt,3a7e238b52e5036d5f3d647b5c446670f1467ecabebacae48149e2c8ec1b21eb,Bad Mother Fucker,Mavic3Pro,1581F67QE236L00A,4ERKL536G31L85,2024-01-24T19:21:53.322+00:00,304.2,0.2,55.0,8.3,DJIFly,1.12.5,0,no
DJIFlightRecord_2024-01-24_[11-27-58].txt,7edcbd1fe29c063218cb615621a0fa5dff188bea6f127940ee0741ee74f39298,Bad Mother Fucker,Mavic3Pro,1581F67QE236L00A,4ERKL656G30QN5,2024-01-24T19:27:58.129+00:00,372.4,0.2,39.0,9.2,DJIFly,1.12.5,0,no
DJIFlightRecord_2024-01-24_[12-25-09].txt,c805b22320f2ed599b7c64ad93bc858c857652047ab73d75c1b4f891b2b04b76,Bad Mother Fucker,Mavic3Pro,1581F67QE236L00A,4ERKL656G30QN5,2024-01-24T20:25:09.169+00:00,248.2,0.2,34.0,8.8,DJIFly,1.12.5,0,no
DJIFlightRecord_2024-01-24_[13-45-21].txt,28084fc1677e5bab425e71afd38d6227e701b883310e1b2bb6398d00de06019d,Bad Mother Fucker,Mavic3Pro,1581F67QE236L00A,4ERKL656G30QN5,2024-01-24T21:45:21.664+00:00,489.7,3.4,153.0,21.3,DJIFly,1.12.5,0,no
DJIFlightRecord_2024-01-26_[00-26-25].txt,e91d28f7e5c690445c9aeac10e72809d7d3f55d300207ae98d4b7502aae442f3,Bad Mother Fucker,Mavic3Pro,1581F67QE236L00A,4ERKL656G30QN5,2024-01-26T08:26:25.626+00:00,1528.3,10.2,123.0,15.2,DJIFly,1.12.8,0,no
DJIFlightRecord_2024-01-26_[00-53-27].txt,5e8a6b9450e135b5d89724a0d8c965b32eb2c9b2eb446d6d21a6e488dfeff662,Bad Mother Fucker,Mavic3Pro,1581F67QE236L00A,4ERKL656G312D5,2024-01-26T08:53:27.593+00:00,1246.4,9.7,208.0,21.6,DJIFly,1.12.8,0,no
DJIFlightRecord_2024-01-28_[15-14-50].txt,1bd0fc69f9183bdada794938c07e6aee22f4e1b497f0ffd28d3322a09336f267,Bad Mother Fucker,Mavic3Pro,1581F67QE236L00A,4ERKL656G312D5,2024-01-28T23:14:50.746+00:00,1275.8,9.7,377.0,21.0,DJIFly,1.12.8,0,no
DJIFlightRecord_2024-02-03_[16-49-22].txt,6e132f42960ca0c2566882d2383ea8831c6b3cbbd6de75c9db2096b87715f249,Bad Mother Fucker,Mavic3Pro,1581F67QE236L00A,4ERKL656G312D5,2024-02-04T00:49:22.987+00:00,459.2,1.5,222.0,20.6,DJIFly,1.12.8,0,no
DJIFlightRecord_2024-02-08_[10-20-09].txt,3671560a3acae4e2aa877e8bca5dd9ba1c9f665bce678fb56ff7477587192f61,Bad Mother Fucker,Mavic3Pro,1581F67QE236L00A,4ERKL656G30QN5,2024-02-08T18:20:09.525+00:00,1196.9,9.2,119.0,16.1,DJIFly,1.12.8,0,no
DJIFlightRecord_2024-02-10_[16-09-30].txt,c76afebae6dcca6c2af2f0fdab659129dbc0eb7675baefd4c450cf01a32e7c84,Bad Mother Fucker,Mavic3Pro,1581F67QE236L00A,4ERKL536G31L85,2024-02-11T00:09:30.366+00:00,1263.8,10.0,499.0,15.3,DJIFly,1.12.8,0,no
DJIFlightRecord_2024-02-10_[16-30-42].txt,373d0a5a4c99bfcdc4b43af49f149bff4c6b9d145560f6d8eed3512e9d7d1dac,Bad Mother Fucker,Mavic3Pro,1581F67QE236L00A,4ERKL536G31L85,2024-02-11T00:30:42.919+00:00,9.4,0.0,0.0,0.0,DJIFly,1.12.8,0,no
DJIFlightRecord_2024-02-10_[16-32-22].txt,2907588d3ed17a366eeba33987a0e8d2a3dc965eaa397b354bb44327ce2bf99f,Bad Mother Fucker,Mavic3Pro,1581F67QE236L00A,4ERKL536G31L85,2024-02-11T00:32:22.936+00:00,298.4,1.1,85.0,15.1,DJIFly,1.12.8,0,no
DJIFlightRecord_2024-02-10_[16-38-21].txt,4136c1e2c2ef0d5173bc0db8acd8c34afcc9797b038a64539d5b3da948361abc,Bad Mother Fucker,Mavic3Pro,1581F67QE236L00A,4ERKL656G30QN5,2024-02-11T00:38:21.589+00:00,1575.6,4.7,107.0,15.0,DJIFly,1.12.8,0,no
DJIFlightRecord_2024-02-20_[07-38-20].txt,7aca41fcd64413f7d0f636b7a2ac02d4ddc4ad1b4aa794f2378bff8393b9ea41,Bad Mother Fucker,Mavic3Pro,1581F67QE236L00A,4ERKL536G31L85,2024-02-20T15:38:20.389+00:00,558.8,1.9,70.0,13.9,DJIFly,1.12.8,0,no
DJIFlightRecord_2024-02-24_[10-20-19].txt,4b84285e282ecc5e918ba6c6ed5666b15739b59c46cb44d6b68c103db88deab3,DJI FPV,FPV,37QBJ5WBD100DN,37WPJCGAA1014E,2024-02-24T10:20:19.889+00:00,10.2,0.8,0.0,0.2,Linux,0.0.1,0,no
DJIFlightRecord_2024-02-24_[10-20-31].txt,e8057225fb77e0a71647b24d17158de99c33af901031a223452527dd2e3b4713,DJI FPV,FPV,37QBJ5WBD100DN,37WPJCGAA1014E,2024-02-24T10:20:31.480+00:00,10.6,1.1,0.0,0.2,Linux,0.0.1,0,no
DJIFlightRecord_2024-02-24_[10-20-46].txt,5e32316b9bfa676276bc075b67ad849c01c174a265a31a26a5dbbf94465591e8,DJI FPV,FPV,37QBJ5WBD100DN,37WPJCGAA1014E,2024-02-24T10:20:46.889+00:00,219.4,3011.9,144.0,40.7,Linux,0.0.1,0,no
DJIFlightRecord_2024-02-24_[16-41-50].txt,1de26c20f9ac35323c27bb806a88f590d0778b4ff6e8b66c386bf0958c35517d,Bad Mother Fucker,Mavic3Pro,1581F67QE236L00A,4ERKL656G312D5,2024-02-25T00:41:50.865+00:00,427.8,1.3,38.0,16.8,DJIFly,1.12.8,0,no
DJIFlightRecord_2024-02-28_[19-33-04].txt,c176bc7bf0f5a10028f024a4ab909c124107addbced2bd661db0e07adab4a4b3,Badass V.2,Mavic3Pro,1581F67QC23CN014,4ERKL536G31L85,2024-02-29T03:33:04.726+00:00,23.3,0.0,0.0,0.0,DJIFly,1.12.8,0,no
DJIFlightRecord_2024-03-02_[11-21-45].txt,89d07888c90ad770739a49982d7bec034ecfe1ee9b834cd9b8fddab910b5b0ab,Badass V.2,Mavic3Pro,1581F67QC23CN014,4ERKL656G30QN5,2024-03-02T19:21:45.810+00:00,542.2,2.2,109.0,18.5,DJIFly,1.12.8,0,no
DJIFlightRecord_2024-03-06_[13-01-11].txt,1777a1459b0276386430abf5fd58040e3bd9b23ee87a923abfe42ad16b504f97,Badass V.2,Mavic3Pro,1581F67QC23CN014,4ERKL656G312D5,2024-03-06T21:01:11.484+00:00,2.9,0.0,0.0,0.0,DJIFly,1.12.8,0,no
DJIFlightRecord_2024-03-06_[13-02-52].txt,63d10c6dad964314dda421b3acd16fb12fbe6bb41219c4d8279511c9ed73bfc1,Badass V.2,Mavic3Pro,1581F67QC23CN014,4ERKL656G312D5,2024-03-06T21:02:52.394+00:00,10.6,0.0,0.0,0.0,DJIFly,1.12.8,0,no
DJIFlightRecord_2024-03-06_[13-03-40].txt,b962ac1e76110f9a9490cbcb01400c3b49184986393811cac7ace4c5c5ff1d87,Badass V.2,Mavic3Pro,1581F67QC23CN014,4ERKL656G312D5,2024-03-06T21:03:40.396+00:00,725.1,10.1,127.0,21.4,DJIFly,1.12.8,0,no
DJIFlightRecord_2024-03-06_[15-21-41].txt,bb7ee1c315472306c4f64ec9731c899d30b6e2e191e5fe11c9381e23b038b2c3,Badass V.2,Mavic3Pro,1581F67QC23CN014,4ERKL536G31L85,2024-03-06T23:21:41.783+00:00,513.8,5.5,147.0,21.0,DJIFly,1.12.8,0,no
DJIFlightRecord_2024-03-14_[11-14-22].txt,a684bb0773add5f55139afd049b073383abdb6613a572752991f2d6d31fd595c,Badass V.2,Mavic3Pro,1581F67QC23CN014,4ERKL656G30QN5,2024-03-14T18:14:22.994+00:00,6.7,0.0,0.0,0.0,DJIFly,1.12.8,0,no
DJIFlightRecord_2024-03-14_[11-14-42].txt,e92f0c31858c346ccdcdc5bc67fa60ba18b3710cce19781214fbefccbbaeaf4a,Badass V.2,Mavic3Pro,1581F67QC23CN014,4ERKL656G30QN5,2024-03-14T18:14:42.941+00:00,488.8,2.0,292.0,16.1,DJIFly,1.12.8,0,no
DJIFlightRecord_2024-03-16_[18-15-40].txt,a64db98712866fd49f810a585ebb99b9b20dc0586288f04216bded50e2d5033d,Badass V.2,Mavic3Pro,1581F67QC23CN014,4ERKL536G31L85,2024-03-17T01:15:40.169+00:00,1277.9,4.0,96.0,20.1,DJIFly,1.12.8,0,no
DJIFlightRecord_2024-03-31_[20-00-39].txt,30bf7c6e45eeb77ea31bb92e34a8ccdd7fd9ccddad83ab229d5b1043d4e697b1,Badass V.2,Mavic3Pro,1581F67QC23CN014,4ERKL656G312D5,2024-04-01T03:00:39.118+00:00,701.8,3.0,131.0,15.0,DJIFly,1.12.8,0,no
DJIFlightRecord_2024-04-07_[16-09-14].txt,e89c6ee566e040bd91cf52a17cbf475d957eacbfa59ea6a38bd438526c3718ac,Badass V.2,Mavic3Pro,1581F67QC23CN014,4ERKL656G30QN5,2024-04-07T23:09:14.642+00:00,1344.0,9.3,248.0,20.8,DJIFly,1.12.8,0,no
DJIFlightRecord_2024-04-14_[17-55-31].txt,e013fb3cf901eda77f948ca88b5984c4f0642937da13aa8e32d1d27037ab742a,Badass V.2,Mavic3Pro,1581F67QC23CN014,4ERKL536G31L85,2024-04-15T00:55:31.352+00:00,804.6,5.4,158.0,21.0,DJIFly,1.12.8,0,no
DJIFlightRecord_2024-04-15_[02-03-34].txt,108dbe9b6eba75b3ffa7ed3547b5f509d0bf736d2fc29c212b5742d894a1aeff,Badass V.2,Mavic3Pro,1581F67QC23CN014,4ERKL656G312D5,2024-04-15T09:03:34.997+00:00,1299.3,2.1,120.0,14.6,DJIFly,1.12.8,0,no
DJIFlightRecord_2024-04-18_[20-26-32].txt,2c631edc6b183bda74f9ca487761cb99a9b775885c2b9462b27a99685b0a5f9e,Badass V.2,Mavic3Pro,1581F67QC23CN014,4ERKL536G31L85,2024-04-19T03:26:32.933+00:00,1012.6,4.2,325.0,15.0,DJIFly,1.13.0,0,no
DJIFlightRecord_2024-04-20_[11-32-51].txt,91a0e0734e2db5100c1028858cbfa9020c15d4980a7e77072d7007fb2bf688ac,DJI FPV,FPV,37Q7LA800BX0PN,37WPK3RAA100NJ,2024-04-20T11:32:51.918+00:00,612.0,4347.2,251.0,28.4,Linux,0.0.1,0,no
DJIFlightRecord_2024-04-21_[20-06-29].txt,78b992b9744fc612c2e2980381c769d66b7dd5f6df7e2e77b98bc488c96cda3e,Badass V.2,Mavic3Pro,1581F67QC23CN014,4ERKL656G312D5,2024-04-22T03:06:29.302+00:00,3.4,0.0,0.0,0.0,DJIFly,1.13.1,0,no
DJIFlightRecord_2024-04-21_[20-07-09].txt,cbd0bf74cae76bc32c56539f9833b07dfa40611b3fd46dda5c90c28ffe6ba0b2,Badass V.2,Mavic3Pro,1581F67QC23CN014,4ERKL656G312D5,2024-04-22T03:07:09.124+00:00,5.5,0.0,0.0,0.0,DJIFly,1.13.1,0,no
DJIFlightRecord_2024-04-21_[20-07-17].txt,6a00edc9f06fbd82b79072a38eace02c98d334593fe5f02e7bd3c084058be77b,Badass V.2,Mavic3Pro,1581F67QC23CN014,4ERKL656G312D5,2024-04-22T03:07:17.176+00:00,949.5,4.1,158.0,21.6,DJIFly,1.13.1,0,no
DJIFlightRecord_2024-04-24_[15-00-55].txt,77dcc8bce3c6b611014d89621c4c36f232312e1db65a27cf9469ddb4d83dc03c,Badass V.2,Mavic3Pro,1581F67QC23CN014,4ERPKATEA13A0Y,2024-04-24T22:00:55.073+00:00,761.3,3.5,273.0,15.2,DJIFly,1.13.1,0,no
DJIFlightRecord_2024-04-24_[23-02-27].txt,0405d227f9dcb04e9e4d20b4a6335485956413eceb71826b511509ce954f01d4,Badass V.2,Mavic3Pro,1581F67QC23CN014,4ERKL656G312D5,2024-04-25T06:02:27.714+00:00,1930.0,0.8,133.0,12.7,DJIFly,1.13.1,0,no
DJIFlightRecord_2024-04-28_[07-56-06].txt,8730ea936c22a8d3c805fc0e952b5c7f2fe7aa413ef6378afd68fc020426de61,DJI FPV,FPV,37Q7LA800BX0PN,37WPK3RAA1009N,2024-04-28T07:56:06.896+00:00,553.8,3605.0,314.0,29.1,Linux,0.0.1,0,no
DJIFlightRecord_2024-04-28_[22-02-57].txt,d796f50e8ff9df74e9117ad9d1bee41f1cb4fb069e228dcda6f95a73916976d0,Badass V.2,Mavic3Pro,1581F67QC23CN014,4ERKL656G312D5,2024-04-29T05:02:57.813+00:00,1765.3,6.5,275.0,15.1,DJIFly,1.13.2,0,no
DJIFlightRecord_2024-04-28_[22-33-11].txt,dadda07ae1057beffdf89f2d507665644af6d5fb76741efec01c1dfa785222d6,Badass V.2,Mavic3Pro,1581F67QC23CN014,4ERPKATEA13A0Y,2024-04-29T05:33:11.242+00:00,1574.7,5.9,178.0,22.1,DJIFly,1.13.2,0,no
DJIFlightRecord_2024-05-05_[18-28-39].txt,b0da67dcaec7fa4d136625a6b2f22b6edea8fd94125cb3f65def94f301cbacc1,Badass V.2,Mavic3Pro,1581F67QC23CN014,4ERKL536G31L85,2024-05-06T01:28:39.382+00:00,273.2,2.5,124.0,21.3,DJIFly,1.13.2,0,no
DJIFlightRecord_2024-05-11_[16-53-57].txt,cba49f905ad295359e2be3234e53c360472616deb7f8085ef78483eb63679c1d,Badass V.2,Mavic3Pro,1581F67QC23CN014,4ERKL536G31L85,2024-05-11T23:53:57.110+00:00,1086.8,5.2,187.0,21.9,DJIFly,1.13.2,0,no
DJIFlightRecord_2024-05-11_[21-54-22].txt,62faf02edcf3703acc7db32cd226adcd49992cc110c52fe3eca057b916d237cc,Badass V.2,Mavic3Pro,1581F67QC23CN014,4ERKL536G31L85,2024-05-12T04:54:22.192+00:00,722.1,0.1,274.0,1.1,DJIFly,1.13.2,0,no
DJIFlightRecord_2024-05-11_[22-19-06].txt,d3b61bdb6fde6867767b536c4596b382a4e312819ade5caae2415f0316750cc0,Badass V.2,Mavic3Pro,1581F67QC23CN014,4ERPKATEA13A0Y,2024-05-12T05:19:06.449+00:00,684.2,3.5,130.0,15.0,DJIFly,1.13.2,0,no
DJIFlightRecord_2024-05-15_[21-11-22].txt,45ccd17766e16c5b99293b02cd97266121358a470548f1079d658d7897a59ba6,Badass V.2,Mavic3Pro,1581F67QC23CN014,4ERKL656G312D5,2024-05-16T04:11:22.845+00:00,636.4,5.9,188.0,21.2,DJIFly,1.13.2,0,no
DJIFlightRecord_2024-05-19_[20-32-05].txt,c0e357b57199f303484fa7443ddb24b109aab0e315b2077b2dc64a05a4dc0d06,Badass V.2,Mavic3Pro,1581F67QC23CN014,4ERKL656G312D5,2024-05-20T03:32:05.984+00:00,842.8,1.5,189.0,15.3,DJIFly,1.13.2,0,no
DJIFlightRecord_2024-06-01_[16-17-47].txt,63a36e8d4f89bec31cd43d7e92a4e9cec527a12a4ced2ad7fb8ecf864784a575,Badass V.2,Mavic3Pro,1581F67QC23CN014,4ERPKATEA13A0Y,2024-06-01T23:17:47.440+00:00,3.7,0.0,0.0,0.0,DJIFly,1.13.4,0,no
DJIFlightRecord_2024-06-01_[16-18-08].txt,1d07d0036044515e41aea6807f49fb5e0fb7cac1eefd86588181684e574d47df,Badass V.2,Mavic3Pro,1581F67QC23CN014,4ERPKATEA13A0Y,2024-06-01T23:18:08.318+00:00,486.8,2.9,250.0,14.8,DJIFly,1.13.4,0,no
DJIFlightRecord_2024-06-09_[14-58-17].txt,83ee89f97a8746b58ad5e25afc88cc46b37fd9890a457302b16cbc001bd89382,Badass V.2,Mavic3Pro,1581F67QC23CN014,4ERPKATEA13A0Y,2024-06-09T21:58:17.819+00:00,784.4,2.1,176.0,21.1,DJIFly,1.13.4,0,no
DJIFlightRecord_2024-06-10_[17-05-16].txt,75619a1a4af864d688cab635b7e06b4bd55a949e3884388fa85fa5ecd47cbf4b,Badass V.2,Mavic3Pro,1581F67QC23CN014,4ERKL656G30QN5,2024-06-11T00:05:16.447+00:00,962.4,1.5,104.0,14.5,DJIFly,1.13.4,0,no
DJIFlightRecord_2024-06-19_[18-35-53].txt,f77a9eacf5c1a007888370ceae6a92a0155867ce3459c44d99acf4b9de505c61,Badass V.2,Mavic3Pro,1581F67QC23CN014,4ERPKATEA13A0Y,2024-06-20T01:35:53.933+00:00,956.4,6.0,197.0,21.5,DJIFly,1.13.4,0,no
DJIFlightRecord_2024-06-21_[21-22-16].txt,3ecd51135ddcc0d59bd2df54c452a8359f41ad8709bd21d9e63f6f75198e6837,Badass V.2,Mavic3Pro,1581F67QC23CN014,4ERKL656G30QN5,2024-06-22T04:22:16.894+00:00,1106.2,2.5,192.0,19.0,DJIFly,1.13.5,0,no
DJIFlightRecord_2024-06-30_[20-38-22].txt,cd4f8c4fcad493bb1ff2a475af2f362d5536eb6739caf2405742c2ac908e44af,Badass V.2,Mavic3Pro,1581F67QC23CN014,4ERKL656G312D5,2024-07-01T03:38:22.786+00:00,1051.0,10.5,367.0,15.7,DJIFly,1.13.9,0,no
DJIFlightRecord_2024-07-01_[19-55-16].txt,a1bb06da056b84fdb0b066f13620ffbfcb47c1ee966cd15b115c373f5f524948,Badass V.2,Mavic3Pro,1581F67QC23CN014,4ERPKATEA13A0Y,2024-07-02T02:55:16.472+00:00,379.5,0.8,32.0,13.9,DJIFly,1.13.9,0,no
DJIFlightRecord_2024-07-01_[20-02-24].txt,3820d49693b64bcb0cbf5f0e986eb41c73076e5f11bbede9dc4fd852f896dbe5,Badass V.2,Mavic3Pro,1581F67QC23CN014,4ERPKATEA13A0Y,2024-07-02T03:02:24.747+00:00,1430.1,0.7,233.0,5.3,DJIFly,1.13.9,0,no
DJIFlightRecord_2024-07-03_[22-27-58].txt,2f9f1bf89c6aea72797e233ded3d440b1dc783a5a1776caf4bb4743723a20b04,Badass V.2,Mavic3Pro,1581F67QC23CN014,4ERPKATEA13A0Y,2024-07-04T05:27:58.719+00:00,1192.6,3.8,116.0,21.0,DJIFly,1.13.9,0,no
DJIFlightRecord_2024-07-04_[21-08-29].txt,60b15ddbf2304b7fa5b6de3dafecdf1206a82f243b8063925f952a2addb662f2,Badass V.2,Mavic3Pro,1581F67QC23CN014,4ERKL656G30QN5,2024-07-05T04:08:29.961+00:00,1640.9,3.0,143.0,15.8,DJIFly,1.13.9,0,no
DJIFlightRecord_2024-07-04_[21-36-35].txt,16e770e8d2ddd5f89b8d8243f412c69f6b3010b9f73ed53608fb6ce77a1c14c7,Badass V.2,Mavic3Pro,1581F67QC23CN014,4ERKL656G312D5,2024-07-05T04:36:35.093+00:00,1748.6,3.3,97.0,14.7,DJIFly,1.13.9,0,no
DJIFlightRecord_2024-07-04_[22-08-07].txt,a9a97f597f14cfa723111f96463544cb650e3c82294e8b5c8373a002280a2976,Badass V.2,Mavic3Pro,1581F67QC23CN014,4ERKL536G31L85,2024-07-05T05:08:07.392+00:00,608.6,1.3,115.0,14.2,DJIFly,1.13.9,0,no
DJIFlightRecord_2024-07-07_[19-00-02].txt,2ec135e2738438628b82b1657a8f07aff5da7c8d74c4c7ebaeb22949984928bc,Badass V.2,Mavic3Pro,1581F67QC23CN014,4ERKL536G31L85,2024-07-08T02:00:02.300+00:00,366.7,0.1,62.0,7.8,DJIFly,1.13.9,0,no
DJIFlightRecord_2024-07-07_[19-16-52].txt,fe7869fb19eb1522051a3d881726615ae19f3399d1a53aff6edfff41a04f20bb,Badass V.2,Mavic3Pro,1581F67QC23CN014,4ERKL536G31L85,2024-07-08T02:16:52.823+00:00,11.1,0.0,0.0,0.0,DJIFly,1.13.9,0,no
DJIFlightRecord_2024-07-07_[19-17-41].txt,7c5a04061aee158c651f512e99c6a718f0f9ad60c5dd7b75f3ca674190a90564,Badass V.2,Mavic3Pro,1581F67QC23CN014,4ERKL536G31L85,2024-07-08T02:17:41.803+00:00,788.2,2.3,102.0,18.0,DJIFly,1.13.9,0,no
DJIFlightRecord_2024-07-11_[20-03-01].txt,4e6dd4506d6c436eaa05c86c6a2aedef3eec0ce82c9f4556ce82574c9b234ec4,Badass V.2,Mavic3Pro,1581F67QC23CN014,4ERPKATEA13A0Y,2024-07-12T03:03:01.068+00:00,648.7,2.3,68.0,18.1,DJIFly,1.13.9,0,no
DJIFlightRecord_2024-07-13_[14-15-18].txt,99f8928c3da723fe983e08c80c36b9469b25bf207e2d6e7cf0d035d51b31b537,DJI FPV,FPV,37Q7LA800BX0PN,37WPJCAAA101A0,2024-07-13T14:15:18.414+00:00,162.6,1398.6,54.0,26.6,Linux,0.0.1,0,no
DJIFlightRecord_2024-07-13_[20-46-05].txt,7997dd04b0cd623405a12811f65a4d009c07beff40307019b1d5d71ee076cab1,DJI FPV,FPV,37Q7LA800BX0PN,37WPJ15AA107ZR,2024-07-13T20:46:05.862+00:00,648.0,3547.7,67.0,27.2,Linux,0.0.1,0,no
DJIFlightRecord_2024-07-13_[21-00-14].txt,81fb7276bf882d79ef44563b6c006dbedcfa4f9293d126bafb580a33e1099ea2,DJI FPV,FPV,37Q7LA800BX0PN,37WPJCAAA101A0,2024-07-13T21:00:14.784+00:00,120.0,272.4,43.0,13.0,Linux,0.0.1,0,no
DJIFlightRecord_2024-07-14_[21-25-31].txt,9c83d06da87d4e5ff3c72cef258ffd0f8655f70790a8b5da3afe31d16ec093f4,Badass V.2,Mavic3Pro,1581F67QC23CN014,4ERKL536G31L85,2024-07-15T04:25:31.524+00:00,473.4,2.8,54.0,15.1,DJIFly,1.13.9,0,no
DJIFlightRecord_2024-07-15_[17-02-55].txt,c662f68147f773f6bbd5c604000ec9ac26d126f8e64846b3305f148d08cbaa03,Badass V.2,Mavic3Pro,1581F67QC23CN014,4ERKL656G30QN5,2024-07-16T00:02:55.741+00:00,421.7,3.7,270.0,16.1,DJIFly,1.13.9,0,no
DJIFlightRecord_2024-07-19_[20-40-06].txt,9ab0bd84ef61d2772dc83e06a5d8759e854262c17693ce446bda467c120bc92f,Badass V.2,Mavic3Pro,1581F67QC23CN014,4ERKL536G31L85,2024-07-20T03:40:06.856+00:00,1742.4,0.5,499.0,11.7,DJIFly,1.13.9,0,no
DJIFlightRecord_2024-07-20_[11-50-33].txt,90bea4713e27a07607865cd4cee801c4b5c878bcaf1529739e1ba1289d124b0c,Badass V.2,Mavic3Pro,1581F67QC23CN014,4ERPKATEA13A0Y,2024-07-20T18:50:33.511+00:00,730.9,2.0,88.0,14.6,DJIFly,1.13.9,0,no
DJIFlightRecord_2024-07-20_[12-04-51].txt,51e43daade8fed572b45ee46e84a0e27aa48078be58b2f3bf14c1ba9be9f80e5,Badass V.2,Mavic3Pro,1581F67QC23CN014,4ERPKATEA13A0Y,2024-07-20T19:04:51.402+00:00,4.8,0.0,0.0,0.0,DJIFly,1.13.9,0,no
DJIFlightRecord_2024-07-20_[12-12-25].txt,aef7a1bcc4903f7e1045c4042f60701dcecb82e928538b0a28ee1e23b7afadfc,Badass V.2,Mavic3Pro,1581F67QC23CN014,4ERPKATEA13A0Y,2024-07-20T19:12:25.797+00:00,102.4,0.4,52.0,12.7,DJIFly,1.13.9,0,no
DJIFlightRecord_2024-07-21_[22-23-06].txt,f604a50ae84e091001948c296c4ef8313505674fe26bcfe53237e0c95d321c44,Badass V.2,Mavic3Pro,1581F67QC23CN014,4ERKL656G312D5,2024-07-22T05:23:06.376+00:00,1139.8,3.3,246.0,21.0,DJIFly,1.13.9,0,no
DJIFlightRecord_2024-07-29_[01-02-13].txt,016781739d842ba32243285ff8b0fa1dcfa9785757f29fb6e9d53d2d58e3bbb9,Badass V.2,Mavic3Pro,1581F67QC23CN014,4ERKL656G312D5,2024-07-29T08:02:13.215+00:00,803.0,2.8,96.0,14.7,DJIFly,1.13.9,0,no
DJIFlightRecord_2024-07-29_[01-19-25].txt,113a762cdb1ac68eda7c5816a04e694d1d2d5734af478ae3e2c4a11fda3e76bf,Badass V.2,Mavic3Pro,1581F67QC23CN014,4ERKL656G312D5,2024-07-29T08:19:25.268+00:00,132.8,0.2,198.0,12.4,DJIFly,1.13.9,0,no
DJIFlightRecord_2024-08-02_[20-20-24].txt,08d0ab9c4503bab8de896836fc84c75b6e7b2548d05058641f467553bae91e9b,Badass V.2,Mavic3Pro,1581F67QC23CN014,4ERPKATEA13A0Y,2024-08-03T03:20:24.176+00:00,2.5,0.0,0.0,0.0,DJIFly,1.13.10,0,no
DJIFlightRecord_2024-08-02_[20-35-06].txt,131df8d248511ee557b9c32f4c8a3358df7cfc6aabe40f90415238a9164dd6c1,Badass V.2,Mavic3Pro,1581F67QC23CN014,4ERPKATEA13A0Y,2024-08-03T03:35:06.309+00:00,947.1,5.6,206.0,21.1,DJIFly,1.13.10,0,no
DJIFlightRecord_2024-08-04_[12-36-49].txt,2f9b1a5644259bed8c5ab9b855fa847ad92c5fb5ffa529753ddd78fdd8d9a5e5,Badass V.2,Mavic3Pro,1581F67QC23CN014,4ERKL656G30QN5,2024-08-04T19:36:49.822+00:00,458.9,1.4,28.0,20.1,DJIFly,1.13.10,0,no
DJIFlightRecord_2024-08-04_[14-06-15].txt,9df05f02c917ed08af401ca1cc6a4991946c1d7cd5850e91c753249a5b42da8e,Badass V.2,Mavic3Pro,1581F67QC23CN014,4ERKL656G30QN5,2024-08-04T21:06:15.498+00:00,492.1,2.8,44.0,20.8,DJIFly,1.13.10,0,no
DJIFlightRecord_2024-08-04_[14-41-32].txt,0c9c88c2fba0bc72f5e659a979e60d253a0c75290d7bef8c6644265fbf8d291c,Badass V.2,Mavic3Pro,1581F67QC23CN014,4ERKL656G30QN5,2024-08-04T21:41:32.863+00:00,843.1,2.5,37.0,14.9,DJIFly,1.13.10,0,no
DJIFlightRecord_2024-08-04_[15-36-43].txt,203610eea66255864b516200ea0702eb20dcaef027d238cc78ab50b8673a4883,Badass V.2,Mavic3Pro,1581F67QC23CN014,4ERKL656G312D5,2024-08-04T22:36:43.584+00:00,284.0,2.7,59.0,21.0,DJIFly,1.13.10,0,no
DJIFlightRecord_2024-08-04_[15-41-30].txt,f21ef7b467cb589ba050a79a7d1604f7f5b774fd4a8ffd3ad0de0f5082fd8dee,Badass V.2,Mavic3Pro,1581F67QC23CN014,4ERKL656G312D5,2024-08-04T22:41:30.916+00:00,1.2,0.0,0.0,0.0,DJIFly,1.13.10,0,no
DJIFlightRecord_2024-08-04_[15-41-33].txt,9d0e241619b8de32de88525dc7d1f3be46651e631bc44863d58aa4358e3237ce,Badass V.2,Mavic3Pro,1581F67QC23CN014,4ERKL656G312D5,2024-08-04T22:41:33.278+00:00,2.4,0.0,0.0,0.0,DJIFly,1.13.10,0,no
DJIFlightRecord_2024-08-04_[15-41-37].txt,c1c77ad9abd18edbca0fb0795819386d6224c4377716816f07e1c704747832c3,Badass V.2,Mavic3Pro,1581F67QC23CN014,4ERKL656G312D5,2024-08-04T22:41:37.459+00:00,2.4,0.0,0.0,0.0,DJIFly,1.13.10,0,no
DJIFlightRecord_2024-08-04_[15-41-44].txt,6ee40f8fe8ee53fd5053addb99f342424ddce74e6dbf0b4d713ac99a32feccac,Badass V.2,Mavic3Pro,1581F67QC23CN014,4ERKL656G312D5,2024-08-04T22:41:44.995+00:00,1.3,0.0,0.0,0.0,DJIFly,1.13.10,0,no
DJIFlightRecord_2024-08-04_[15-41-54].txt,cf7a99eab7547ea0283db0e16616095dbb878369d2d2c5ba123855fd849db1d8,Badass V.2,Mavic3Pro,1581F67QC23CN014,4ERKL656G312D5,2024-08-04T22:41:54.230+00:00,2.4,0.0,0.0,0.0,DJIFly,1.13.10,0,no
DJIFlightRecord_2024-08-04_[15-42-11].txt,daea313180f6b2cb954814a3718fa9fa3eeace9bc60189b627e074085a304c6d,Badass V.2,Mavic3Pro,1581F67QC23CN014,4ERKL656G312D5,2024-08-04T22:42:11.767+00:00,125.3,0.2,24.0,11.6,DJIFly,1.13.10,0,no
DJIFlightRecord_2024-08-10_[20-39-32].txt,35ece81996655c6a291b690809908d8af9c6d38fc9cec5ec992d8fdb989b3f5f,Badass V.2,Mavic3Pro,1581F67QC23CN014,4ERKL656G312D5,2024-08-11T03:39:32.862+00:00,683.3,3.2,179.0,15.0,DJIFly,1.13.10,0,no
DJIFlightRecord_2024-08-16_[21-54-10].txt,36e6e6fcb60a7286f9bbe95f5c4f555892904f5c29637b2c67cb8988e01f3025,Badass V.2,Mavic3Pro,1581F67QC23CN014,4ERKL656G30QN5,2024-08-17T04:54:10.591+00:00,1017.8,1.9,128.0,15.0,DJIFly,1.13.10,0,no
DJIFlightRecord_2024-08-21_[22-13-23].txt,bb8892cc7a0901bb04c0ba2d3f9123551acb685c09ddb5ad5715b0c605e95c4f,Badass V.2,Mavic3Pro,1581F67QC23CN014,4ERKL656G30QN5,2024-08-22T05:13:23.484+00:00,946.9,10.3,212.0,21.7,DJIFly,1.13.10,0,no
DJIFlightRecord_2024-08-27_[16-46-59].txt,53bee6d667dbb8ce25b47eab8764372b731f0b6c4dbd5ee6a171d76c90219d85,Badass V.2,Mavic3Pro,1581F67QC23CN014,4ERKL656G312D5,2024-08-27T23:46:59.165+00:00,1146.0,5.3,178.0,15.8,DJIFly,1.13.10,0,no
DJIFlightRecord_2024-08-27_[19-41-00].txt,5e56f464aa3c258cdf02ac50b4a538f6fa17beb9195cea50cbe87ca4a36a6ade,Badass V.2,Mavic3Pro,1581F67QC23CN014,4ERKL656G30QN5,2024-08-28T02:41:00.076+00:00,1760.3,1.8,135.0,19.2,DJIFly,1.13.10,0,no
DJIFlightRecord_2024-08-27_[20-10-59].txt,ada848509df72002c9829fce6aef93f7029c622ec4d0679943d1a0c8851e7c19,Badass V.2,Mavic3Pro,1581F67QC23CN014,4ERKL536G31L85,2024-08-28T03:10:59.488+00:00,1774.3,2.8,266.0,15.1,DJIFly,1.13.10,0,no
DJIFlightRecord_2024-08-31_[10-00-27].txt,2f07ecf66be01ee60f9cf00a754a6ea08450b56c9314b288b32dc995e017ae4e,Badass V.2,Mavic3Pro,1581F67QC23CN014,4ERKL656G30QN5,2024-08-31T17:00:27.209+00:00,715.5,0.8,122.0,15.1,DJIFly,1.13.10,0,no
DJIFlightRecord_2024-08-31_[10-23-56].txt,30e1f2da0a9e0db7bd60a1db2a9aa40df1e0c7e7fcc8b85903b9f3adfc1257d6,Badass V.2,Mavic3Pro,1581F67QC23CN014,4ERKL536G31L85,2024-08-31T17:23:56.771+00:00,1133.8,2.1,92.0,15.0,DJIFly,1.13.10,0,no
DJIFlightRecord_2024-08-31_[10-43-23].txt,12e2aff7f2c2655f20b00a9fe7eedf0d28d3a737e4ae70d331e4701c3199edcc,Badass V.2,Mavic3Pro,1581F67QC23CN014,4ERKL656G312D5,2024-08-31T17:43:23.680+00:00,784.3,0.3,46.0,11.2,DJIFly,1.13.10,0,no
DJIFlightRecord_2024-09-05_[19-38-01].txt,c29cfb07a20a2ebc4b1c9129a361ab056a1fa1c10945fac941b7e3d880953eb2,Badass V.2,Mavic3Pro,1581F67QC23CN014,4ERKL656G30QN5,2024-09-06T02:38:01.518+00:00,770.8,4.5,167.0,19.4,DJIFly,1.13.10,0,no
DJIFlightRecord_2024-09-13_[21-22-27].txt,9f181f738917a17f24198f11f3a87841c513ab9286a571ae3a3f0321dc5ad091,Badass V.2,Mavic3Pro,1581F67QC23CN014,4ERKL656G30QN5,2024-09-14T04:22:27.286+00:00,952.8,6.3,265.0,21.2,DJIFly,1.13.10,0,no
DJIFlightRecord_2024-09-14_[17-07-40].txt,46bc2865cac67cafcffd8d556aa8a0488ea37f9726af8e156104fc44fb7e3cb1,Badass V.2,Mavic3Pro,1581F67QC23CN014,4ERKL656G30QN5,2024-09-15T00:07:40.771+00:00,139.0,0.1,63.0,8.1,DJIFly,1.14.2,0,no
DJIFlightRecord_2024-09-14_[17-25-04].txt,f7688d846fc4a90df92b48614d10901494589e869e9ab171d13f183e27bc1316,Badass V.2,Mavic3Pro,1581F67QC23CN014,4ERKL656G30QN5,2024-09-15T00:25:04.734+00:00,1.7,0.0,0.0,0.0,DJIFly,1.14.2,0,no
DJIFlightRecord_2024-09-14_[17-25-37].txt,efbf87d92962049387a39733079acecc6f06eb7ba8b0caddee4a6d2293481ea3,Badass V.2,Mavic3Pro,1581F67QC23CN014,4ERKL656G30QN5,2024-09-15T00:25:37.823+00:00,809.8,0.4,21.0,7.9,DJIFly,1.14.2,0,no
DJIFlightRecord_2024-09-21_[10-47-48].txt,0e704298d9a716fbe88124993544996d9c84371e9c04f8fa5044318f6716e74d,Badass V.2,Mavic3Pro,1581F67QC23CN014,4ERKL656G312D5,2024-09-21T17:47:48.281+00:00,1180.6,2.4,142.0,14.8,DJIFly,1.14.2,0,no
DJIFlightRecord_2024-09-22_[21-05-17].txt,57fb1817a0bb5c41b46017478e786d61945f4719c5cae0776373f44f35e318ee,Badass V.2,Mavic3Pro,1581F67QC23CN014,4ERKL536G31L85,2024-09-23T04:05:17.136+00:00,757.0,1.2,154.0,14.0,DJIFly,1.14.2,0,no
DJIFlightRecord_2024-09-23_[02-55-44].txt,3a2df50349f15a5ac8796320f64d5b9f21e9fa8e11b3e075e04b8c1c34b5a5e6,Badass V.2,Mavic3Pro,1581F67QC23CN014,4ERKL536G31L85,2024-09-23T09:55:44.850+00:00,435.0,0.2,49.0,4.0,DJIFly,1.14.2,0,no
DJIFlightRecord_2024-10-11_[15-26-51].txt,a5c6e8b1366536bb1235d182e5c67d77c8c4ededc44a1695e3f4e1105f280580,Maverick,Matrice30,1581F5BK7241J00B,4BUPM58DA4203U,2024-10-11T22:26:51.853+00:00,955.7,3.3,229.0,23.6,Android,103.0.112,0,no
DJIFlightRecord_2024-10-11_[19-05-35].txt,1a491625a21b80389737746ce1a8637ab595f4dedf3665d6447079edee026d38,Maverick,Matrice30,1581F5BK7241J00B,4BUPM58DA42055,2024-10-12T02:05:35.469+00:00,17.7,0.0,0.0,0.0,Android,10.1.5,0,no
DJIFlightRecord_2024-10-11_[19-06-16].txt,e924a1f38d30aa076e35fb1dbe6405581edffe8a7fa800906c5bab566018b418,Maverick,Matrice30,1581F5BK7241J00B,4BUPM58DA42055,2024-10-12T02:06:16.098+00:00,1284.4,2.1,176.0,16.8,Android,10.1.5,0,no
DJIFlightRecord_2024-10-11_[19-43-34].txt,4d67257cbcc63a1c299813ebf14c0db4aae546333771e69822707b4db24fb5b5,Maverick,Matrice30,1581F5BK7241J00B,4BUPM58DA4209Q,2024-10-12T02:43:34.009+00:00,1304.3,2.5,169.0,17.0,Android,10.1.5,0,no
DJIFlightRecord_2024-10-11_[20-37-26].txt,bc843bc830f52d9100ec2d25afe9e2cfd3b3027cf79209c009be818eba91e053,Maverick,Matrice30,1581F5BK7241J00B,4BUPM58DA4203U,2024-10-12T03:37:26.343+00:00,643.0,2.7,305.0,17.2,Android,10.1.5,0,no
DJIFlightRecord_2024-10-11_[20-49-17].txt,81d50195000f015c7aaba47c208433fe1ccf46630997a3806a2d8f8798e134fb,Maverick,Matrice30,1581F5BK7241J00B,4BUPM58DA4203U,2024-10-12T03:49:17.937+00:00,276.3,0.1,49.0,5.8,Android,10.1.5,0,no
DJIFlightRecord_2024-10-12_[21-59-39].txt,041177846ac77d83c03a6d17ce69854484e0c1f3d4506abba50d35064d09c325,Maverick,Matrice30,1581F5BK7241J00B,4BUPM58DA4203U,2024-10-13T04:59:39.535+00:00,306.1,0.3,246.0,13.5,Android,4.0.0,0,no
DJIFlightRecord_2024-10-14_[20-23-58].txt,c45ff717be6a8baa65bffca4c57dbf5f99a145bbf4ec1da924c7e7aa20e28a33,Maverick,Matrice30,1581F5BK7241J00B,4BUPM58DA4203U,2024-10-15T03:23:58.966+00:00,1580.6,5.1,195.0,17.3,Android,10.1.5,0,no
DJIFlightRecord_2024-10-15_[09-17-54].txt,38883c85200de91a4f911d78117556e014a0e9f60232ea5970e3383580b26eb8,Maverick,Matrice30,1581F5BK7241J00B,4BUPM58DA42055,2024-10-15T16:17:54.380+00:00,359.8,1.4,285.0,17.1,Android,10.1.5,0,no
DJIFlightRecord_2024-10-15_[15-52-28].txt,6d56ed97c01805c1d0b9fbe64af162fee3c8974599dc419e9b4c26f5a789a61a,Maverick,Matrice30,1581F5BK7241J00B,4BUPM58DA4204B,2024-10-15T22:52:28.118+00:00,1443.7,0.3,58.0,12.5,Android,10.1.5,3,no
DJIFlightRecord_2024-10-15_[16-16-59].txt,bc3adda0a5ab3a9be277e160ed8c4bd0c59b811660d5ffa2f930145c7dcc469e,Maverick,Matrice30,1581F5BK7241J00B,4BUPM58DA42055,2024-10-15T23:16:59.219+00:00,472.6,0.5,81.0,15.8,Android,10.1.5,9,no
DJIFlightRecord_2024-10-16_[21-36-22].txt,3e8001d01c0af2f90ba770a380f052fc5059e91679f6acc4f6497a1c2a55c209,Maverick,Matrice30,1581F5BK7241J00B,4BUPM58DA4203U,2024-10-17T04:36:22.038+00:00,435.8,0.4,49.0,12.6,Android,46.0.0,0,no
DJIFlightRecord_2024-10-18_[16-06-40].txt,1861a18c63794b85a39558034c5104430364100778469aafd772a6a67f30152b,Maverick,Matrice30,1581F5BK7241J00B,4BUPM58DA4203U,2024-10-18T23:06:40.569+00:00,1282.6,4.0,433.0,17.3,Android,40.144.239,3,no
DJIFlightRecord_2024-10-18_[16-39-15].txt,194d6cbb2b6058caf5cef1c7a8df57a803eb03d10972bcd344ff98ec2dcd5139,Badass V.2,Mavic3Pro,1581F67QC23CN014,4ERKL656G30QN5,2024-10-18T23:39:15.042+00:00,369.0,2.0,145.0,20.8,DJIFly,1.15.0,0,no
DJIFlightRecord_2024-10-20_[13-05-37].txt,6d10be1fc51da3659803d06bab7e691a0064197660ab2e904113ad3dc1ebe648,Maverick,Matrice30,1581F5BK7241J00B,4BUPM58DA42055,2024-10-20T20:05:37.613+00:00,1037.8,1.8,192.0,16.9,Android,7.0.0,0,no
DJIFlightRecord_2024-10-21_[16-29-52].txt,bc885fee5430a76b94e70ceba1e9f16a5e09153617007203998585b0e7a80124,Maverick,Matrice30,1581F5BK7241J00B,4BUPM58DA4203U,2024-10-21T23:29:52.324+00:00,1158.1,8.6,184.0,23.5,Android,46.0.0,0,no
DJIFlightRecord_2024-10-21_[20-33-15].txt,97b52eed55127bb5c10f04fab89e4580d18a3ca31cd76d05db7519ada0045562,Maverick,Matrice30,1581F5BK7241J00B,4BUPM58DA4209Q,2024-10-22T03:33:15.523+00:00,750.1,2.5,123.0,17.0,Android,46.0.0,0,no
DJIFlightRecord_2024-10-27_[17-06-33].txt,b07be42e5cc2ae1bc852599f579b7e121aba4513f8e9256f526fabc436bea4f6,Maverick,Matrice30,1581F5BK7241J00B,4BUPM58DA4209Q,2024-10-28T00:06:33.418+00:00,477.8,1.4,183.0,17.1,Android,2.0.0,0,no
DJIFlightRecord_2024-10-27_[17-31-39].txt,09f23ae3af888a83afe7a734c3512f1efd8530d9c0bb613a399975108cba2fee,Maverick,Matrice30,1581F5BK7241J00B,4BUPM58DA4209Q,2024-10-28T00:31:39.466+00:00,1037.1,6.0,146.0,17.4,Android,2.0.0,5,no
DJIFlightRecord_2024-10-27_[19-19-16].txt,3ae4971bc10733e74cbc7bd893eb9b027c1495359a6466638bbc7917468335fb,Maverick,Matrice30,1581F5BK7241J00B,4BUPM58DA4203U,2024-10-28T02:19:16.644+00:00,1437.4,1.2,156.0,16.4,Android,10.1.5,1,no
DJIFlightRecord_2024-10-28_[21-55-34].txt,be67efe8477fdf348f5efd98e4eb4aa4a388049a3e310f08025bc3f9a6df54b2,Maverick,Matrice30,1581F5BK7241J00B,4BUPM58DA42055,2024-10-29T04:55:34.567+00:00,11.1,0.0,0.0,0.1,Android,4.0.0,0,no
DJIFlightRecord_2024-10-28_[21-56-49].txt,ae26747c841dd6b68d8f7936c42fb019b71a65361163832921b4ffb3462d7b52,Maverick,Matrice30,1581F5BK7241J00B,4BUPM58DA42055,2024-10-29T04:56:49.617+00:00,852.8,2.1,154.0,17.1,Android,4.0.0,0,no
DJIFlightRecord_2024-10-31_[22-19-41].txt,95725243c5a1f67e77838ceca59f06d802484a60380a2631790da6db26772a74,Maverick,Matrice30,1581F5BK7241J00B,4BUPM58DA4203U,2024-11-01T05:19:41.599+00:00,9.7,0.0,0.0,0.0,Android,10.1.5,0,no
DJIFlightRecord_2024-10-31_[22-20-06].txt,0c777a30809d3c10fbd68922b62b6557485e2a12ae3093b0a0354347c32664cf,Maverick,Matrice30,1581F5BK7241J00B,4BUPM58DA4203U,2024-11-01T05:20:06.688+00:00,1134.4,5.6,159.0,17.5,Android,10.1.5,0,no
DJIFlightRecord_2024-10-31_[22-40-25].txt,01af0872a12e0b7e4cba42b085cf7dccecc1066e774e194d1e27ae956fda5dc2,Maverick,Matrice30,1581F5BK7241J00B,4BUPM58DA42055,2024-11-01T05:40:25.023+00:00,781.9,4.8,244.0,17.5,Android,10.1.5,0,no
DJIFlightRecord_2024-11-01_[20-28-11].txt,aa794f1cf5e753e6d0242a6c3af398da776b605b750bf30423f5934611a87246,Maverick,Matrice30,1581F5BK7241J00B,4BUPM58DA4209Q,2024-11-02T03:28:11.908+00:00,1631.1,1.9,147.0,17.0,Android,46.0.0,3,no
DJIFlightRecord_2024-11-03_[12-01-44].txt,9bc2680000bffd606f7291735e2a1d6ec79fafce93bfb7783f61d15e0969af83,Maverick,Matrice30,1581F5BK7241J00B,4BUPM58DA4203U,2024-11-03T20:01:44.457+00:00,1611.3,2.8,175.0,22.0,Android,46.0.0,25,no
DJIFlightRecord_2024-11-03_[15-17-44].txt,385fee6534f0ff8cbefb45242b9a19f21204630b7cf041e00f074e63cff9db78,Maverick,Matrice30,1581F5BK7241J00B,4BUPM58DA42055,2024-11-03T23:17:44.898+00:00,574.1,2.0,99.0,22.6,Android,10.1.5,0,no
DJIFlightRecord_2024-11-05_[23-02-21].txt,0a07c8b8031f66c77e8d683a648d2960df5ab612a0b36a651ef0ae01869e58d4,Maverick,Matrice30,1581F5BK7241J00B,4BUPM58DA4203U,2024-11-06T07:02:21.095+00:00,611.9,1.9,168.0,17.1,Android,5.0.0,0,no
DJIFlightRecord_2024-11-08_[16-58-42].txt,603f0b0f7f5523c6a442b2cf207bd996f20eb1f270b3ed04ae763fa5f3df7b35,Maverick,Matrice30,1581F5BK7241J00B,4BUPM58DA4203U,2024-11-09T00:58:42.836+00:00,1707.0,5.6,202.0,17.0,Android,10.1.5,0,no
DJIFlightRecord_2024-11-09_[16-13-19].txt,fceeecd54523d28ea2a1dc02a0ef46348ee547e99bdfa7f9819bdee1baf26fd4,Maverick,Matrice30,1581F5BK7241J00B,4BUPM58DA4203U,2024-11-10T00:13:19.215+00:00,896.8,4.3,287.0,17.1,Android,10.1.8,0,no
DJIFlightRecord_2024-11-10_[15-45-12].txt,f0304e89b6727c9c89316325cd4a188ffda0f5a861b1b644f19c9786a28ff3a7,Maverick,Matrice30,1581F5BK7241J00B,4BUPM58DA42055,2024-11-10T23:45:12.672+00:00,1289.5,4.8,176.0,17.4,Android,10.1.8,0,no
DJIFlightRecord_2024-11-12_[20-39-36].txt,be595684fab2a32b343e7fe418d612a0818de7a4c266e206ab2c569d1a37c5f5,Maverick,Matrice30,1581F5BK7241J00B,4BUPM58DA4203U,2024-11-13T04:39:36.236+00:00,764.7,4.0,350.0,17.7,Android,103.0.112,0,no
DJIFlightRecord_2024-11-19_[16-10-05].txt,9547b66df33f609ae68f973ae7bfdc69d8f35acdc40209b8bf72b43ff30b6b41,Maverick,Matrice30,1581F5BK7241J00B,4BUPM58DA4203U,2024-11-20T00:10:05.542+00:00,1484.3,5.3,306.0,17.9,Android,46.0.0,0,no
DJIFlightRecord_2024-11-20_[13-14-27].txt,e08005fde421203a5f796a7486401221d8a840fe00f325496cb8f427119861b7,Maverick,Matrice30,1581F5BK7241J00B,4BUPM58DA4203U,2024-11-20T21:14:27.508+00:00,1502.9,6.8,143.0,23.6,Android,10.1.8,0,no
DJIFlightRecord_2024-11-21_[18-07-24].txt,964fbca09a0eb83c7ec71ffa2f0e28e5e7ab670059e3075451fdcba2bacd0010,Maverick,Matrice30,1581F5BK7241J00B,4BUPM58DA4203U,2024-11-22T02:07:24.653+00:00,1213.7,2.3,156.0,17.2,Android,2.0.0,0,no
DJIFlightRecord_2024-11-24_[14-49-51].txt,923cd07b7cc5bf841928ced336d18a223ff7a53c757a4a957eeca1a4e600d340,Badass V.2,Mavic3Pro,1581F67QC23CN014,4ERKL656G30QN5,2024-11-24T22:49:51.337+00:00,470.4,4.6,148.0,21.2,DJIFly,1.15.4,0,no
DJIFlightRecord_2024-11-26_[21-53-13].txt,ec5d67bdb1635652f80af3be2740bea4ed7ddffaa06351895cedb2c4da0230cf,Maverick,Matrice30,1581F5BK7241J00B,4BUPM58DA4203U,2024-11-27T05:53:13.787+00:00,1415.9,6.7,219.0,17.3,Android,46.0.0,0,no
DJIFlightRecord_2024-11-30_[00-00-49].txt,60ff8aa3a543fc93bcc234dc3ca2c7aac04c5da114f13e62a63beb9fb679796d,Maverick,Matrice30,1581F5BK7241J00B,4BUPM58DA4203U,2024-11-30T08:00:49.881+00:00,966.4,4.1,270.0,17.1,Android,10.1.8,0,no
DJIFlightRecord_2024-12-02_[16-30-02].txt,7555ab82efe4841eb249347c850bc9a3794aa780e701d0fe1cf82dcb2b8b735b,Maverick,Matrice30,1581F5BK7241J00B,4BUPM58DA4204B,2024-12-03T00:30:02.658+00:00,915.5,4.0,254.0,17.1,Android,2.0.0,0,no
DJIFlightRecord_2024-12-06_[23-09-15].txt,3e09ce53c4275ead79970ee4afd0178e776010fa2fad0ef72008b6fbbf05f5f2,Maverick,Matrice30,1581F5BK7241J00B,4BUPM58DA4209Q,2024-12-07T07:09:15.013+00:00,593.9,0.4,68.0,11.8,Android,10.1.8,0,no
DJIFlightRecord_2024-12-14_[18-02-08].txt,b4c62b9752c43f1dee0f08bef49c29431e6f0c0094d0bfc92e0a0d009a183761,Maverick,Matrice30,1581F5BK7241J00B,4BUPM58DA4209Q,2024-12-15T02:02:08.659+00:00,16.8,0.0,0.0,0.0,Android,19.0.0,0,no
DJIFlightRecord_2024-12-14_[18-03-28].txt,d915786297c0364af29c4bf001871e6fa65c65a1712184e6f4262f71dfd00c61,Maverick,Matrice30,1581F5BK7241J00B,4BUPM58DA4209Q,2024-12-15T02:03:28.798+00:00,897.9,7.2,454.0,17.4,Android,19.0.0,1,no
DJIFlightRecord_2024-12-18_[17-36-34].txt,f81f439aff221d4427002c78fc08c75f79bb312b56fe59c7e632af455eefefc2,Maverick,Matrice30,1581F5BK7241J00B,4BUPM58DA4209Q,2024-12-19T01:36:34.638+00:00,1617.8,7.5,202.0,17.3,Android,103.0.112,0,no
DJIFlightRecord_2024-12-21_[09-23-57].txt,4801260abe7ad6e64749af1dda30bfc658969fa58d8ee41cc6933cada1055170,Badass V.2,Mavic3Pro,1581F67QC23CN014,4ERKL536G31L85,2024-12-21T17:23:57.514+00:00,1755.3,2.8,88.0,14.3,DJIFly,1.15.4,0,no
DJIFlightRecord_2024-12-21_[10-14-55].txt,6d1a7fec1179a3a5c078f06074bd49ccd28c0bc15f1b9793ee95ac3e3bbf6216,Maverick,Matrice30,1581F5BK7241J00B,4BUPM58DA4203U,2024-12-21T18:14:55.541+00:00,148.6,0.8,156.0,17.1,Android,10.1.8,0,no
DJIFlightRecord_2024-12-21_[10-17-27].txt,990152eafb23a472dc00ac7eb782b204e023f13db3dedd193f773de96f1b1bcc,Maverick,Matrice30,1581F5BK7241J00B,4BUPM58DA4203U,2024-12-21T18:17:27.173+00:00,1496.7,4.3,242.0,17.5,Android,10.1.8,2,no
DJIFlightRecord_2024-12-21_[10-44-17].txt,5c45e44b0b7ec144e1e30ef6ecd4bc28f932cfb101a0ff024bf4edde94aa3218,Maverick,Matrice30,1581F5BK7241J00B,4BUPM58DA4209Q,2024-12-21T18:44:17.309+00:00,1803.5,1.2,253.0,16.9,Android,10.1.8,0,no
DJIFlightRecord_2024-12-23_[01-22-08].txt,9544446d41b365163827abaf06e466080851e81130d1b6fa87dd7e21b333a714,Maverick,Matrice30,1581F5BK7241J00B,4BUPM58DA4209Q,2024-12-23T09:22:08.463+00:00,836.8,1.1,86.0,17.0,Android,10.1.8,0,no
DJIFlightRecord_2024-12-23_[01-38-54].txt,5b466da5a74315328abdcac79e9221f2ed5e7d29020a8788cce2d07eab539eeb,Maverick,Matrice30,1581F5BK7241J00B,4BUPM58DA4203U,2024-12-23T09:38:54.479+00:00,848.4,1.0,107.0,14.6,Android,10.1.8,0,no
DJIFlightRecord_2024-12-23_[18-07-19].txt,67c02a9a5f74a4b46898294436cd87e00858215ca62573c63cb6aa32ffa09e8e,Maverick,Matrice30,1581F5BK7241J00B,4BUPM58DA4203U,2024-12-24T02:07:19.198+00:00,371.9,0.4,116.0,10.0,Android,10.1.8,0,no
DJIFlightRecord_2024-12-25_[21-12-45].txt,80bc7a7dabdaf7e311dedd6886b59ca9f1b7fe6b4808a5b51a87bef37baee73f,Maverick,Matrice30,1581F5BK7241J00B,4BUPM58DA4209Q,2024-12-26T05:12:45.942+00:00,7.4,0.0,0.0,0.0,Android,10.1.8,0,no
DJIFlightRecord_2024-12-25_[21-12-59].txt,60b00836cb25c85b5b6c47af023b1908ac991f3fc159f59c80de9e848f389b9d,Maverick,Matrice30,1581F5BK7241J00B,4BUPM58DA4209Q,2024-12-26T05:12:59.740+00:00,502.0,2.9,199.0,17.6,Android,10.1.8,0,no
DJIFlightRecord_2024-12-28_[13-33-44].txt,f82056c0e4ec42b6145ca45e213d403b3c4bfe31e6a6910402a14afd7788be1c,Maverick,Matrice30,1581F5BK7241J00B,4BUPM58DA4203U,2024-12-28T21:33:44.814+00:00,812.0,7.2,205.0,23.4,Android,46.0.0,0,no
DJIFlightRecord_2024-12-28_[13-49-25].txt,8d1ab74794602c881b346a0d6d7de9541ffb6da4450847caf9e30ef46752134e,Maverick,Matrice30,1581F5BK7241J00B,4BUPM58DA4203U,2024-12-28T21:49:25.345+00:00,127.7,0.0,3.0,1.6,Android,46.0.0,0,no
DJIFlightRecord_2024-12-28_[13-59-22].txt,83fd6aa43d230e8a70102aa8828edb314d51f873c960d87390ff5648143faf2e,Maverick,Matrice30,1581F5BK7241J00B,4BUPM58DA4203U,2024-12-28T21:59:22.598+00:00,317.9,0.1,18.0,2.8,Android,10.1.8,0,no
DJIFlightRecord_2024-12-29_[21-02-28].txt,0b87ab15af46c87774771613c235e42b25a154d081256bf850afcfcce424a7b0,Maverick,Matrice30,1581F5BK7241J00B,4BUPM58DA42055,2024-12-30T05:02:28.901+00:00,1272.0,4.4,145.0,17.6,Android,10.1.8,0,no
DJIFlightRecord_2024-12-31_[20-00-02].txt,55c56388b0280459d54598b423f2bcd461e5768cf2983dc2d9c42b56bf2308b8,Maverick,Matrice30,1581F5BK7241J00B,4BUPM58DA4209Q,2025-01-01T04:00:02.927+00:00,1395.7,4.5,244.0,17.2,Android,46.0.0,0,no
DJIFlightRecord_2024-12-31_[23-52-57].txt,6b8963fb1d6ae1ab0f1a4a528e48033660b3f4946ecba7e81e8b833cc3626de9,Badass V.2,Mavic3Pro,1581F67QC23CN014,4ERPKATEA13A0Y,2025-01-01T07:52:57.020+00:00,1045.5,0.3,47.0,14.3,DJIFly,1.15.8,0,no
DJIFlightRecord_2025-01-01_[15-46-13].txt,91da2d2ec36596df1be211683dff6bbf735d30cfe6d3ed8f4704ea15a3c402c2,Maverick,Matrice30,1581F5BK7241J00B,4BUPM58DA4209Q,2025-01-01T23:46:13.774+00:00,1907.5,8.1,122.0,17.1,Android,103.0.112,0,no
DJIFlightRecord_2025-01-01_[16-19-37].txt,8d3e91ae93ca0a925fb66f39571feaf1d128a1da266bdf51ab79a4c7a5c03a9c,Maverick,Matrice30,1581F5BK7241J00B,4BUPM58DA4203U,2025-01-02T00:19:37.003+00:00,1481.5,5.1,182.0,17.1,Android,103.0.112,2,no
DJIFlightRecord_2025-01-03_[16-31-30].txt,8d1f21253ff434af374843df97acffe467fbebd5ce0304c864a690b597fe6180,Maverick,Matrice30,1581F5BK7241J00B,4BUPM58DA4203U,2025-01-04T00:31:30.225+00:00,61.9,0.1,140.0,4.0,Android,10.1.8,0,no
DJIFlightRecord_2025-01-03_[16-32-34].txt,f2a5b563198b4ec8c5636944b74d0ee6d7bf7b4f6417ba303188472e7a002019,Maverick,Matrice30,1581F5BK7241J00B,4BUPM58DA4203U,2025-01-04T00:32:34.120+00:00,688.8,3.9,140.0,17.7,Android,10.1.8,0,no
DJIFlightRecord_2025-01-05_[01-44-44].txt,e85304ee662f352d4d2121f7cc26749f02f1659551a63d0ad3a63371481f5471,Maverick,Matrice30,1581F5BK7241J00B,4BUPM58DA42055,2025-01-05T09:44:44.548+00:00,1351.8,1.1,91.0,16.9,Android,46.0.0,0,no
DJIFlightRecord_2025-01-05_[20-09-23].txt,c9ff205d28f176025c23886be68f55c99c9ff0c64f90d84b3cf54ae9320517cf,Maverick,Matrice30,1581F5BK7241J00B,4BUPM58DA4209Q,2025-01-06T04:09:23.878+00:00,688.6,3.8,152.0,17.3,Android,10.1.8,30,no
DJIFlightRecord_2025-01-08_[20-48-27].txt,dd5a036e6ceb7d0c999b2f847c4902ef6e53712b811b8b9a68fd5c4fa62a5144,Maverick,Matrice30,1581F5BK7241J00B,4BUPM58DA4209Q,2025-01-09T04:48:27.838+00:00,25.5,0.0,0.0,0.0,Android,10.1.8,0,no
DJIFlightRecord_2025-01-08_[20-49-24].txt,4e3e431bc80eadc0a52a00c8b439199fedac2ff19c4d444b1a44d94ebbe9cd60,Maverick,Matrice30,1581F5BK7241J00B,4BUPM58DA4209Q,2025-01-09T04:49:24.217+00:00,1462.7,11.6,239.0,17.5,Android,10.1.8,0,no
DJIFlightRecord_2025-01-11_[17-54-49].txt,065b07b6f1782e1017ef2d1518fc3f85f4876e1c490121a0dc59ac26e3c690bf,Maverick,Matrice30,1581F5BK7241J00B,4BUPM58DA4203U,2025-01-12T01:54:49.591+00:00,781.7,9.4,244.0,23.4,Android,40.144.43,0,no
DJIFlightRecord_2025-01-11_[18-08-30].txt,ff0ba160a6ad746b89079c6a47c6a4228bf94abba4a57f53ff70b06af4633cff,Maverick,Matrice30,1581F5BK7241J00B,4BUPM58DA4203U,2025-01-12T02:08:30.085+00:00,312.0,4.3,151.0,17.4,Android,40.144.43,0,no
DJIFlightRecord_2025-01-12_[12-55-11].txt,4d9b363ee26ad02964e15dc2148dcf1c8c34bd60f6f22e0473e60c06269e26a0,DJI Avata 2,Avata2,1581F6W8A242N0A3,7QKPLCNDA002SE,2025-01-12T20:55:11.292+00:00,137.9,0.1,2.0,2.5,Linux,0.0.1,0,no
DJIFlightRecord_2025-01-12_[12-59-43].txt,8a6b1ff2908a97ad30607a1e10bf9a5ca7d06ecffb635f6e4fbafcd191cec635,DJI Avata 2,Avata2,1581F6W8A242N0A3,7QKPLCNDA000U0,2025-01-12T20:59:43.268+00:00,120.7,0.0,4.0,1.8,Linux,0.0.1,0,yes
DJIFlightRecord_2025-01-12_[13-03-09].txt,ade08f72ad3fb7b2e2b546669985799d849498380efd8b798bf2377a0285aa48,Badass V.2,Mavic3Pro,1581F67QC23CN014,4ERKL536G31L85,2025-01-12T21:03:09.153+00:00,745.3,3.7,429.0,15.1,DJIFly,1.15.8,0,no
DJIFlightRecord_2025-01-12_[13-45-57].txt,37a1dca539c0c682bf2c7bc6a1a622be3f48e296160e71383fa6e6551318cd92,DJI Avata 2,Avata2,1581F6W8A242N0A3,7QKPLCNDA000U0,2025-01-12T21:45:57.778+00:00,718.1,1.9,49.0,7.3,Linux,0.0.1,0,yes
DJIFlightRecord_2025-01-12_[13-59-27].txt,9597a0e9a7164d3c8121705f31d80a508ba4a21f5de3442110f2485bffa24e3e,Badass V.2,Mavic3Pro,1581F67QC23CN014,4ERPKATEA13A0Y,2025-01-12T21:59:27.353+00:00,755.6,1.8,241.0,15.1,DJIFly,1.15.8,0,no
DJIFlightRecord_2025-01-12_[20-17-09].txt,a913e23f4e3e351d62103183e3fbd5a5ddc1a63227a279d9d21b3538ea6ef0b2,Maverick,Matrice30,1581F5BK7241J00B,4BUPM58DA4203U,2025-01-13T04:17:09.482+00:00,1911.8,4.3,141.0,17.3,Android,10.1.8,0,no
DJIFlightRecord_2025-01-12_[20-58-52].txt,c926b7a0a1195ad0143570471de9d0cfdfe0c9eb54968e34679929a83541763b,Maverick,Matrice30,1581F5BK7241J00B,4BUPM58DA42055,2025-01-13T04:58:52.456+00:00,1767.3,4.0,244.0,17.3,Android,10.1.8,0,no
DJIFlightRecord_2025-01-25_[13-03-58].txt,19c5311a904d8c286a88e599aecab79d078c5d63cdc9602ac16b19f1b9223254,Maverick,Matrice30,1581F5BK7241J00B,4BUPM58DA42055,2025-01-25T21:03:58.406+00:00,1444.0,7.9,182.0,17.5,Android,46.0.0,0,no
DJIFlightRecord_2025-01-26_[21-44-46].txt,6030ac05b52f7a69fcec7c588c18e78fa42dde633e2fef0e6cb1231979865f4f,Maverick,Matrice30,1581F5BK7241J00B,4BUPM58DA4203U,2025-01-27T05:44:46.446+00:00,1757.5,1.1,115.0,17.0,Android,10.1.8,0,no
DJIFlightRecord_2025-01-27_[21-14-43].txt,7e4424a62fb4a1bf6b1b2c439c9342e835f1712316eade453bd22daec2f2003d,Maverick,Matrice30,1581F5BK7241J00B,4BUPM58DA4202A,2025-01-28T05:14:43.979+00:00,1577.6,1.9,110.0,14.0,Android,46.0.0,0,no
DJIFlightRecord_2025-01-27_[21-42-27].txt,7ed4e9b613aef2b02113737d88b30fe5cf2ddcfcb2c4cb8db228e44e80ccc983,Maverick,Matrice30,1581F5BK7241J00B,4BUPM58DA42055,2025-01-28T05:42:27.148+00:00,3.7,0.0,0.0,0.0,Android,46.0.0,0,no
DJIFlightRecord_2025-01-27_[21-42-35].txt,bb49d6b9b1f58779f52d66cae13a9d44354a4e7020d0ef7a7426017497dc7dd8,Maverick,Matrice30,1581F5BK7241J00B,4BUPM58DA42055,2025-01-28T05:42:35.631+00:00,1726.1,3.6,153.0,16.9,Android,46.0.0,0,no
DJIFlightRecord_2025-01-27_[22-12-30].txt,8fc5b47116e734a335ec7874e6f770cc622507dc4250775f188a24d277ed8429,Maverick,Matrice30,1581F5BK7241J00B,4BUPM9JDA4200Q,2025-01-28T06:12:30.603+00:00,1660.7,2.3,129.0,14.7,Android,46.0.0,0,no
DJIFlightRecord_2025-01-27_[22-41-51].txt,8fe4460778eb783561e3d2487b4b08c5bc0da8b556ea6b7978315fb4d1b29dc5,Maverick,Matrice30,1581F5BK7241J00B,4BUPM58DA4203U,2025-01-28T06:41:51.051+00:00,-4851.6,2.8,154.0,17.0,Android,46.0.0,0,no
DJIFlightRecord_2025-01-27_[23-11-52].txt,71c10fe02558438ab9c981e2da5e2276685045e6ac05a19f2d5fc8f842697b45,Maverick,Matrice30,1581F5BK7241J00B,4BUPM58DA4209Q,2025-01-28T07:11:52.569+00:00,1601.1,1.9,201.0,17.0,Android,46.0.0,0,no
DJIFlightRecord_2025-01-27_[23-38-36].txt,31f1c3d242eed670f2935f60112d5c4467ba970ac900f93335bd950304374703,Maverick,Matrice30,1581F5BK7241J00B,4BUPM58DA4209Q,2025-01-28T07:38:36.593+00:00,94.6,0.3,201.0,16.6,Android,10.1.8,0,no
DJIFlightRecord_2025-01-27_[23-41-15].txt,200c11c038f6840c42a6e62d482a0572ff3e7f622a25f214513423967db2b02e,Maverick,Matrice30,1581F5BK7241J00B,4BUPM58DA42055,2025-01-28T07:41:15.138+00:00,802.4,5.5,296.0,17.1,Android,10.1.8,0,no
DJIFlightRecord_2025-01-28_[22-12-02].txt,6a3727266a3fe56ccd5752debd410d891a6d9106fa9688d48e07f5dcfef8fa13,Maverick,Matrice30,1581F5BK7241J00B,4BUPM58DA42055,2025-01-29T06:12:02.059+00:00,1821.9,4.5,190.0,16.4,Android,10.1.8,2,no
DJIFlightRecord_2025-01-28_[22-44-12].txt,90218966764b6bf6d06ca3626e966b14a39053abe1c1141b4fd9680146a29c9f,Maverick,Matrice30,1581F5BK7241J00B,4BUPM9GDA420HA,2025-01-29T06:44:12.337+00:00,1574.7,4.4,261.0,17.8,Android,10.1.8,0,no
DJIFlightRecord_2025-01-30_[13-10-19].txt,b04525cd2189c90b84768170303bd812a6377bea5cb871d791530486c8333809,Maverick,Matrice30,1581F5BK7241J00B,4BUPM58DA4209Q,2025-01-30T21:10:19.316+00:00,1013.5,8.1,259.0,17.3,Android,10.1.8,0,no
DJIFlightRecord_2025-01-31_[13-34-41].txt,2bfad8d249c8fe342f0100b6d120b7a671af881ca77c4b6a63948a5ef18702e2,Maverick,Matrice30,1581F5BK7241J00B,4BUPM9GDA420HA,2025-01-31T21:34:41.849+00:00,937.0,5.2,144.0,17.4,Android,10.1.8,0,no
DJIFlightRecord_2025-01-31_[19-24-59].txt,0b8e1bd5598f94514221d2663da43cc941bfc440df60d5e217869cac6d4d5d1b,Maverick,Matrice30,1581F5BK7241J00B,4BUPM58DA42055,2025-02-01T03:24:59.502+00:00,1227.1,8.4,244.0,17.2,Android,10.1.8,0,no
DJIFlightRecord_2025-02-04_[20-08-15].txt,a93b5b73de79d54276b623c2da2e2bb6025a88e54d303b96f2aa5012a8c175ee,Maverick,Matrice30,1581F5BK7241J00B,4BUPM58DA4203U,2025-02-05T04:08:15.317+00:00,939.1,8.8,232.0,17.4,Android,10.1.8,0,no
DJIFlightRecord_2025-02-05_[19-45-38].txt,5548475e12d4546df7f9eb471b65f273e3c726cd46c09838702b10f24b1942c2,Maverick,Matrice30,1581F5BK7241J00B,4BUPM58DA4203U,2025-02-06T03:45:38.549+00:00,1105.9,6.9,198.0,17.2,Android,10.1.8,0,no
DJIFlightRecord_2025-02-08_[17-36-04].txt,583e5bfc8f8c379b1c0e963804bdfc2bb955142b79a91df883fd5a53a14d60aa,Maverick,Matrice30,1581F5BK7241J00B,4BUPM58DA4203U,2025-02-09T01:36:04.352+00:00,1207.0,11.5,401.0,17.7,Android,2.0.0,0,no
DJIFlightRecord_2025-02-10_[18-16-45].txt,5279a71788cbcbb15a7a39296e0768755d5b25c36b6c7b4d5319ad88e496b877,Maverick,Matrice30,1581F5BK7241J00B,4BUPM58DA4203U,2025-02-11T02:16:45.063+00:00,955.0,7.7,281.0,17.4,Android,4.0.0,3,no
DJIFlightRecord_2025-02-10_[21-25-33].txt,0bb1d8bc5c26396238acaf9d4552bd6e9f63fdc1f43d227297fde2426cdee714,Maverick,Matrice30,1581F5BK7241J00B,4BUPM58DA4203U,2025-02-11T05:25:33.127+00:00,2.5,0.0,0.0,0.0,Android,10.1.8,0,no
DJIFlightRecord_2025-02-10_[21-25-53].txt,67ae90a4549ea93023eb36e820e1126d0614e31c1cecf2ee6d44a6414e6aac43,Maverick,Matrice30,1581F5BK7241J00B,4BUPM58DA4203U,2025-02-11T05:25:53.717+00:00,3.8,0.0,0.0,0.0,Android,10.1.8,0,no
DJIFlightRecord_2025-02-10_[21-26-11].txt,df5ec8eb281aca8d34a1e5e67a82ad4475861a60567384815c07f9c54285fe7d,Maverick,Matrice30,1581F5BK7241J00B,4BUPM58DA4203U,2025-02-11T05:26:11.619+00:00,711.4,0.7,129.0,11.2,Android,10.1.8,0,no
DJIFlightRecord_2025-02-10_[21-40-36].txt,126808917e4c0700feafed3f9d2c958e94ea11eba6893f666327e133af94e87c,Maverick,Matrice30,1581F5BK7241J00B,4BUPM58DA4203U,2025-02-11T05:40:36.853+00:00,439.8,0.3,66.0,12.8,Android,10.1.8,0,no
DJIFlightRecord_2025-02-14_[20-47-09].txt,01705809a7bcfc3b26b6fb026bce0f0de77c53a75c3b1e2ddb5bf47e8acc1ec7,Maverick,Matrice30,1581F5BK7241J00B,4BUPM58DA42055,2025-02-15T04:47:09.529+00:00,1363.9,12.2,252.0,17.6,Android,46.0.0,0,no
DJIFlightRecord_2025-02-15_[13-19-52].txt,5a6c349bc1981cae1a7d81b5a72af0818503a0d93e155d3460a4015072b729b7,DJI FPV,FPV,37Q7LA800BX0PN,37WPK3RAA100NJ,2025-02-15T13:19:52.072+00:00,10.8,0.0,0.0,0.0,Linux,0.0.1,0,no
DJIFlightRecord_2025-02-15_[13-20-04].txt,5503ebdfc9a6e4980527fbe3cf3e0013a74e22e80d29007b24eeba0f981ff642,DJI FPV,FPV,37Q7LA800BX0PN,37WPK3RAA100NJ,2025-02-15T13:20:04.781+00:00,16.4,0.0,0.0,0.0,Linux,0.0.1,0,no
DJIFlightRecord_2025-02-16_[19-18-44].txt,356519c87c705f3274f2a5a7cdc27e0699cc11768cc13eaffb025b6047fda802,Maverick,Matrice30,1581F5BK7241J00B,4BUPM58DA4209Q,2025-02-17T03:18:44.946+00:00,842.1,8.5,178.0,23.4,Android,10.1.8,0,no
DJIFlightRecord_2025-02-17_[20-17-24].txt,4939178533ecd2de0b3e9a53d71ec6a5753124194510c158953dfa72f714444c,Maverick,Matrice30,1581F5BK7241J00B,4BUPM58DA4209Q,2025-02-18T04:17:24.601+00:00,1527.4,5.0,168.0,17.3,Android,40.32.132,0,no
DJIFlightRecord_2025-02-20_[17-59-17].txt,9c6d1baf886e1b2bc7a774a40da78aeede9a2ce6f139d53cb75e63d08db96742,Maverick,Matrice30,1581F5BK7241J00B,4BUPM58DA42055,2025-02-21T01:59:17.070+00:00,1302.2,12.6,309.0,23.2,Android,10.1.8,3,no
DJIFlightRecord_2025-02-21_[17-55-13].txt,e6b4b289d7d3319b5650c5f6609fc5362a30c6650df4d9d22de31523f14ab26c,Maverick,Matrice30,1581F5BK7241J00B,4BUPM58DA4203U,2025-02-22T01:55:13.040+00:00,6.4,0.0,0.0,0.0,Android,10.1.8,0,no
DJIFlightRecord_2025-02-21_[17-55-38].txt,9f0fd9575721dcfd83af0d994e242227d98d1d1b274c9cfc5294856071ca4c2c,Maverick,Matrice30,1581F5BK7241J00B,4BUPM58DA4203U,2025-02-22T01:55:38.628+00:00,74.2,0.2,4.0,10.9,Android,10.1.8,0,no
DJIFlightRecord_2025-02-21_[17-57-26].txt,e9252dd1a86c4114e8b88aa6b652500fc9ec96f26c92a9243bc475412e3f33bc,Maverick,Matrice30,1581F5BK7241J00B,4BUPM58DA4203U,2025-02-22T01:57:26.838+00:00,47.4,0.1,10.0,11.6,Android,10.1.8,0,no
DJIFlightRecord_2025-02-22_[21-38-24].txt,4a41cff52775797da6e041090d9d5d58b9f52b327cf9a130ed1c0890019e3460,Maverick,Matrice30,1581F5BK7241J00B,4BUPM58DA42055,2025-02-23T05:38:24.531+00:00,797.0,6.8,345.0,23.3,Android,10.1.8,0,no
DJIFlightRecord_2025-02-23_[19-58-55].txt,746d299f6853d0b4247cfb27e771ce940888df721dc7dc021e983c623dc10e17,Maverick,Matrice30,1581F5BK7241J00B,4BUPM58DA4203U,2025-02-24T03:58:55.235+00:00,851.6,6.6,152.0,14.9,Android,10.1.8,17,no
DJIFlightRecord_2025-02-23_[20-59-45].txt,d191f0e8eb6197546b6052f9ae54f9f9fc28121b9e9e9221c97a85c230cdb860,Maverick,Matrice30,1581F5BK7241J00B,4BUPM58DA42024,2025-02-24T04:59:45.844+00:00,1568.5,6.6,231.0,17.2,Android,46.0.0,0,no
DJIFlightRecord_2025-02-23_[23-35-18].txt,6938f2a543305c9cfd5e3ce5fbe4e1b8d8068b90cbd8d666e9759b022a0f5841,Maverick,Matrice30,1581F5BK7241J00B,4BUPM58DA4203U,2025-02-24T07:35:18.550+00:00,954.4,6.7,237.0,23.5,Android,10.1.8,0,no
DJIFlightRecord_2025-02-26_[13-54-50].txt,ff5eb9e4ff333d7bf66e0bc7c435040cf70c055d904ca3031c9c5ede5ce1192d,Badass V.2,Mavic3Pro,1581F67QC23CN014,4ERPKATEA13A0Y,2025-02-26T21:54:50.520+00:00,829.9,5.0,214.0,21.8,DJIFly,1.16.0,0,no
DJIFlightRecord_2025-02-26_[15-20-21].txt,93193cc5326a345e63b31521225d7c6041f3cc6166f00e2c8cd837c18b74a879,Maverick,Matrice30,1581F5BK7241J00B,4BUPM58DA42055,2025-02-26T23:20:21.339+00:00,1216.1,11.7,250.0,23.3,Android,10.1.8,0,no
DJIFlightRecord_2025-02-27_[19-46-36].txt,c587ac04bd4a531615568afc7f3c4be375205b8b341584e98408729ca4ade97d,Maverick,Matrice30,1581F5BK7241J00B,4BUPM58DA42055,2025-02-28T03:46:36.201+00:00,1264.0,7.2,297.0,23.0,Android,10.1.8,0,no
DJIFlightRecord_2025-02-27_[20-07-49].txt,fb91f7e9e276e71c2d7e3b617ca11bd3ec24c02ea1dc51907fc2d1089160028b,Maverick,Matrice30,1581F5BK7241J00B,4BUPM58DA42055,2025-02-28T04:07:49.723+00:00,66.0,0.1,12.0,8.2,Android,10.1.8,0,no
DJIFlightRecord_2025-03-01_[21-19-44].txt,62aecf726d5db288c3b03c91eacc6a04a672092a09c0cf6b4d371940558e08d3,Maverick,Matrice30,1581F5BK7241J00B,4BUPM58DA42055,2025-03-02T05:19:44.476+00:00,1365.6,14.5,436.0,17.3,Android,46.0.0,0,no
DJIFlightRecord_2025-03-04_[21-12-19].txt,27671a0866df735219d4b29cf5e1a0faaf8955fbdd18f868c36f04b084d4e7cd,Maverick,Matrice30,1581F5BK7241J00B,4BUPM58DA4209Q,2025-03-05T05:12:19.866+00:00,1135.7,6.6,242.0,17.2,Android,10.1.8,1,no
DJIFlightRecord_2025-03-06_[22-26-16].txt,53276a61b2225c16713fe5e991566486552ed30f310ef0cd90869a2b6b25b2db,Maverick,Matrice30,1581F5BK7241J00B,4BUPM58DA4209Q,2025-03-07T06:26:16.814+00:00,41.6,0.0,72.0,3.9,Android,46.0.0,0,no
DJIFlightRecord_2025-03-06_[22-27-01].txt,57ce87e18c41ba02e92fb2aab9f104c11f4e881930b00b6c9ec6524b98c7b7b3,Maverick,Matrice30,1581F5BK7241J00B,4BUPM58DA4209Q,2025-03-07T06:27:01.416+00:00,1762.8,5.0,215.0,17.2,Android,10.1.8,0,no
DJIFlightRecord_2025-03-06_[22-57-00].txt,051759e00e3a41c31e1f8e46afdbc78f03e83fc17851c6df3764116826661e98,Maverick,Matrice30,1581F5BK7241J00B,4BUPM58DA42055,2025-03-07T06:57:00.049+00:00,4.3,0.0,0.0,0.0,Android,10.1.8,0,no
DJIFlightRecord_2025-03-06_[22-57-25].txt,da9a254b4c3d4ee69f6e5c83c61b42d65401af51f81a010d5ed779aa33ef13d8,Maverick,Matrice30,1581F5BK7241J00B,4BUPM58DA42055,2025-03-07T06:57:25.417+00:00,1713.4,5.9,133.0,17.0,Android,10.1.8,0,no
DJIFlightRecord_2025-03-06_[23-27-07].txt,d60446b256dc2589a5e9cfe8460d6ffccccdfe4f866b56db80450e7174c86711,Maverick,Matrice30,1581F5BK7241J00B,4BUPM58DA4203U,2025-03-07T07:27:07.406+00:00,1559.3,4.5,144.0,17.1,Android,10.1.8,0,no
DJIFlightRecord_2025-03-06_[23-56-10].txt,e4355bcc5ae6eba909f1617083ab3147575892dca3b75fc5684bdcbaeb714eeb,Maverick,Matrice30,1581F5BK7241J00B,4BUPM9GDA420HA,2025-03-07T07:56:10.705+00:00,-4798.0,5.5,181.0,17.2,Android,10.1.8,0,no
DJIFlightRecord_2025-03-07_[00-25-44].txt,0b91080037134037c23cc52a948cc9d59ab858d5b5050260369cdf54099fa2e1,Maverick,Matrice30,1581F5BK7241J00B,4BUPM9GDA420HA,2025-03-07T08:25:44.474+00:00,25.2,0.0,17.0,0.3,Android,10.1.8,0,no
DJIFlightRecord_2025-03-07_[17-56-07].txt,3a4636d37870f48d52a661cb0975e8dc92ea789296ec0bc9e777684a43526611,Maverick,Matrice30,1581F5BK7241J00B,4BUPM58DA4209Q,2025-03-08T01:56:07.269+00:00,986.1,7.3,180.0,23.1,Android,10.1.8,0,no
DJIFlightRecord_2025-03-09_[01-12-37].txt,0843f4d31f2e01b3db599c8bf7287d1edb1b21c80c01590e9308a893b077b3cd,Maverick,Matrice30,1581F5BK7241J00B,4BUPM58DA4203U,2025-03-09T09:12:37.320+00:00,797.2,6.5,173.0,17.3,Android,1.0.0,0,no
DJIFlightRecord_2025-03-12_[21-55-06].txt,531fbc6b4a0cb40a80b82d9ad86f780a3d2762a7b8431f8da29755fb2338c7fa,Maverick,Matrice30,1581F5BK7241J00B,4BUPM58DA4203U,2025-03-13T04:55:06.633+00:00,1371.4,2.9,187.0,20.2,Android,10.1.8,0,no
DJIFlightRecord_2025-03-13_[22-05-15].txt,53220bcfafbc275e89d03821ad19345e5654c8eb489ff7e80937dd5b6a370c23,Maverick,Matrice30,1581F5BK7241J00B,4BUPM58DA4203U,2025-03-14T05:05:15.253+00:00,358.6,0.9,216.0,17.1,Android,40.160.204,0,no
DJIFlightRecord_2025-03-13_[22-11-21].txt,155ee85916696c5aba1310c5b8351fed1fc8b14937fef2971d952121f7759965,Maverick,Matrice30,1581F5BK7241J00B,4BUPM58DA4203U,2025-03-14T05:11:21.900+00:00,1373.7,1.1,231.0,14.5,Android,17.0.0,0,no
DJIFlightRecord_2025-03-13_[22-35-05].txt,27dd991269616a9fdbe1e4d3403435d30bb429f41f631dc01128bdccd1a5fae5,Maverick,Matrice30,1581F5BK7241J00B,4BUPM58DA42055,2025-03-14T05:35:05.748+00:00,969.4,0.6,258.0,16.3,Android,17.0.0,0,no
DJIFlightRecord_2025-03-17_[15-32-24].txt,58a0f1368a1fc8d2b75cd73e8ab96823cd2fcc3c28132ddfc0dec416240f8dd0,Maverick,Matrice30,1581F5BK7241J00B,4BUPM58DA4203U,2025-03-17T22:32:24.942+00:00,1213.1,10.3,316.0,20.3,Android,10.1.8,5,no
DJIFlightRecord_2025-03-20_[21-49-53].txt,8408a22fd655e9ce1fafee93e018f2b00718ec0f024d856b0a9d2296a3be7f17,Maverick,Matrice30,1581F5BK7241J00B,4BUPM58DA4203U,2025-03-21T04:49:53.071+00:00,407.6,0.3,97.0,11.8,Android,103.0.112,0,no
DJIFlightRecord_2025-03-23_[11-32-29].txt,db350a29e6fb814d98d12b2ea8a443254fe25c0e256e1fe37dd7dd36ffbf2103,Maverick,Matrice30,1581F5BK7241J00B,4BUPM58DA4203U,2025-03-23T18:32:29.671+00:00,1899.7,10.3,126.0,16.5,Android,10.1.8,615,no
DJIFlightRecord_2025-03-23_[12-04-41].txt,3025e91813cd4d862a547d937183b3fabfebd1c5bf1ace568ea2df07d97d2d73,Maverick,Matrice30,1581F5BK7241J00B,4BUPM9JDA4200Q,2025-03-23T19:04:41.813+00:00,2.7,0.0,0.0,0.0,Android,10.1.8,0,no
DJIFlightRecord_2025-03-23_[12-04-51].txt,abbef00b289303bae23375c6672fbf54cc32fa6786037b980b43940e8f28d3c9,Maverick,Matrice30,1581F5BK7241J00B,4BUPM9JDA4200Q,2025-03-23T19:04:51.815+00:00,1826.0,5.0,169.0,17.0,Android,10.1.8,203,no
DJIFlightRecord_2025-03-23_[12-37-16].txt,8a1cef7d3d070fb5d112f141f63740ea97421608b7fd33146e04157aabecfd39,Maverick,Matrice30,1581F5BK7241J00B,4BUPM58DA4209Q,2025-03-23T19:37:16.093+00:00,2.2,0.0,0.0,0.0,Android,10.1.8,0,no
DJIFlightRecord_2025-03-23_[12-37-48].txt,66428b5d5057fea3db1f57d72a36f57431e18219435c416b9f6da2c6e1e89d6a,Maverick,Matrice30,1581F5BK7241J00B,4BUPM58DA4209Q,2025-03-23T19:37:48.878+00:00,896.2,2.8,205.0,17.0,Android,10.1.8,113,no
DJIFlightRecord_2025-03-23_[12-56-39].txt,0f3267ede237258a4985c4c98b34b111f67ee8489242df9bc5dd50e8f52dea12,Maverick,Matrice30,1581F5BK7241J00B,4BUPM58DA42055,2025-03-23T19:56:39.010+00:00,2.2,0.0,0.0,0.0,Android,10.1.8,0,no
DJIFlightRecord_2025-03-23_[12-56-47].txt,d92ee6c4008a058b358c616c832df23140218af036d1a664f90ef6a24707f824,Maverick,Matrice30,1581F5BK7241J00B,4BUPM58DA42055,2025-03-23T19:56:47.252+00:00,1723.9,5.6,182.0,17.4,Android,10.1.8,218,no
DJIFlightRecord_2025-03-23_[13-27-39].txt,f888ddfea7d9b8c5557f910cc8b6d74d52bffe3d6021a670bf20b19ac03662d2,Maverick,Matrice30,1581F5BK7241J00B,4BUPM58DA4203U,2025-03-23T20:27:39.448+00:00,-4898.3,5.3,182.0,17.1,Android,10.1.8,143,no
DJIFlightRecord_2025-03-23_[13-59-03].txt,b3c79431c230c5f32ea3b3f3f5e6022b08abae275ffcfdbf7ec875bf185a989e,Maverick,Matrice30,1581F5BK7241J00B,4BUPM58DA4209Q,2025-03-23T20:59:03.095+00:00,950.6,4.9,228.0,17.5,Android,10.1.8,47,no
DJIFlightRecord_2025-03-23_[21-05-48].txt,0cd5a0ae9d2e2265197f7adf7fcee40c6befa735c3530ad376effb7f4ffb10e9,Maverick,Matrice30,1581F5BK7241J00B,4BUPM9GDA420HA,2025-03-24T04:05:48.295+00:00,4.7,0.0,0.0,0.0,Android,10.1.8,0,no
DJIFlightRecord_2025-03-23_[21-06-02].txt,150fd7ec8f31b5cbe2bc1a68bb539640c8785af338e962282ff560482290a6dc,Maverick,Matrice30,1581F5BK7241J00B,4BUPM9GDA420HA,2025-03-24T04:06:02.803+00:00,539.3,0.3,102.0,14.4,Android,10.1.8,0,no
DJIFlightRecord_2025-03-23_[21-15-30].txt,ba850df36a93236d8b5296334f4e574cf3d0c6774a73d78e2b3f9b2cfe0cb0dc,Maverick,Matrice30,1581F5BK7241J00B,4BUPM9GDA420HA,2025-03-24T04:15:30.586+00:00,24.5,0.0,2.0,3.1,Android,10.1.8,0,no
DJIFlightRecord_2025-03-25_[19-16-10].txt,51a68014ece14ee3e45b8e76b1ab09c22110121bc08dcef5fcb721f47859cc6e,Badass V.2,Mavic3Pro,1581F67QC23CN014,4ERPKATEA13A0Y,2025-03-26T02:16:10.818+00:00,1524.0,4.5,126.0,15.2,DJIFly,1.16.0,0,no
DJIFlightRecord_2025-03-26_[16-40-24].txt,8619568faeee4a711dc2083b4e316db700470cb17a728d87a4b9e0cf3c01ad13,Maverick,Matrice30,1581F5BK7241J00B,4BUPM58DA4209Q,2025-03-26T23:40:24.867+00:00,400.4,0.8,183.0,16.8,Android,10.1.8,27,no
DJIFlightRecord_2025-03-29_[12-35-25].txt,306aa0db6d95b2ec587703bf08d389489fdc0483c514f4dc72301d34c461c14e,Maverick,Matrice30,1581F5BK7241J00B,4BUPM58DA4203U,2025-03-29T19:35:25.939+00:00,1562.9,12.2,246.0,17.4,Android,10.1.8,184,no
DJIFlightRecord_2025-03-29_[13-06-18].txt,b8743637db861437b93a7720d5e651c74bc8e3953f2640336f1e658658903316,Maverick,Matrice30,1581F5BK7241J00B,4BUPM9JDA4200Q,2025-03-29T20:06:18.442+00:00,3.1,0.0,0.0,0.0,Android,10.1.8,0,no
DJIFlightRecord_2025-03-29_[13-06-26].txt,e2dc71d081cf6856f4f3df04112368e0c3db738c4d840e1432e6f7f5f718d5d5,Maverick,Matrice30,1581F5BK7241J00B,4BUPM9JDA4200Q,2025-03-29T20:06:26.336+00:00,1778.8,14.2,245.0,15.1,Android,10.1.8,184,no
DJIFlightRecord_2025-03-29_[13-38-14].txt,559fad7c379c447e48f1c28c04b4d3c534722b8bb398124921ef26e26dd94e29,Maverick,Matrice30,1581F5BK7241J00B,4BUPM58DA42055,2025-03-29T20:38:14.842+00:00,777.6,6.4,244.0,17.1,Android,10.1.8,12,no
DJIFlightRecord_2025-03-29_[14-14-39].txt,5a2fc4763212b6d6fe77c2f4224e4bf36db1acdb1bb8f69197ad32bbb59793de,Maverick,Matrice30,1581F5BK7241J00B,4BUPM58DA42055,2025-03-29T21:14:39.393+00:00,799.0,6.8,123.0,17.3,Android,10.1.8,202,no
DJIFlightRecord_2025-03-31_[19-55-05].txt,3226a895e9f71661417f557b35d90394d84e4d1b3a1e777774508fb3190d2238,Maverick,Matrice30,1581F5BK7241J00B,4BUPM58DA4209Q,2025-04-01T02:55:05.302+00:00,1513.4,5.9,218.0,17.4,Android,4.0.0,0,no
DJIFlightRecord_2025-04-01_[20-13-31].txt,48e6714492b7f2c0d064e441ba9d5653826ba292579e7537f6b8d04bf7586107,Maverick,Matrice30,1581F5BK7241J00B,4BUPM58DA42055,2025-04-02T03:13:31.223+00:00,855.8,4.9,172.0,21.1,Android,10.1.8,0,no
DJIFlightRecord_2025-04-03_[22-14-28].txt,dcbe8036be70bebf7ba2793703dfac32f8b3e0d31124971d2e99a31218ce4666,Maverick,Matrice30,1581F5BK7241J00B,4BUPM58DA42055,2025-04-04T05:14:28.582+00:00,1137.1,6.6,248.0,17.7,Android,10.1.8,0,no
DJIFlightRecord_2025-04-05_[16-28-49].txt,6c962ac3c68b24cd54e16eeaab6e1576e4642f18331050fb9b63c45ddaef66f9,DJI Avata 2,Avata2,1581F6W8A242N0A3,7QKPLCNDA002PL,2025-04-06T00:28:49.349+00:00,400.6,1.7,38.0,12.9,Linux,0.0.1,0,yes
DJIFlightRecord_2025-04-05_[19-22-03].txt,2903a024b44140ade982f29c6cf7916fd68343d1db52ebe84e2e455bad737fff,Maverick,Matrice30,1581F5BK7241J00B,4BUPM58DA42024,2025-04-06T02:22:03.785+00:00,1597.9,7.0,312.0,17.5,Android,10.1.8,1,no
DJIFlightRecord_2025-04-09_[20-03-49].txt,6e48da11c5ed0217b723bfd334f68776a49248de309b541362a5d59d161c232e,Maverick,Matrice30,1581F5BK7241J00B,4BUPM58DA4204B,2025-04-10T03:03:49.315+00:00,879.6,9.8,499.0,18.9,Android,46.0.0,0,no
DJIFlightRecord_2025-04-13_[21-33-33].txt,44f377060dc6ac79885186e94862cf23c74a2427556defc6fc30d7735de8de97,Maverick,Matrice30,1581F5BK7241J00B,4BUPM58DA42055,2025-04-14T04:33:33.823+00:00,791.3,5.0,253.0,17.5,Android,4.0.0,0,no
DJIFlightRecord_2025-04-15_[19-51-34].txt,ed266825220d29521ba1a9db61b391b24a25ca3549c512ada69bee7d41631cf9,Maverick,Matrice30,1581F5BK7241J00B,4BUPM58DA4209Q,2025-04-16T02:51:34.710+00:00,684.3,4.2,245.0,17.3,Android,10.1.8,0,no
DJIFlightRecord_2025-04-18_[12-22-26].txt,e9121c2f4ea6467d7c1a954ff765098532e0045159b961f96a464aef746db199,Badass V.2,Mavic3Pro,1581F67QC23CN014,4ERPKATEA13A0Y,2025-04-18T19:22:26.842+00:00,1214.4,1.1,62.0,14.4,DJIFly,1.16.0,0,no
DJIFlightRecord_2025-04-22_[18-05-52].txt,d4bd95125404f7ec678f8933da774d2fbb2f77047c0f41fb45d00b78bf7df6d1,Badass V.2,Mavic3Pro,1581F67QC23CN014,4ERKL536G31L85,2025-04-23T01:05:52.038+00:00,406.4,2.0,149.0,19.3,DJIFly,1.16.0,0,no
DJIFlightRecord_2025-04-27_[17-55-06].txt,8ade105d86afd445d4820cd4a0c7d74296237e97dca90c138702be74dd3d22bd,Maverick,Matrice30,1581F5BK7241J00B,4BUPM58DA42055,2025-04-28T00:55:06.306+00:00,1617.6,15.7,320.0,23.4,Android,4.0.0,0,no
DJIFlightRecord_2025-04-29_[23-07-51].txt,13ac6a28d104919f8614ada7fcdf9642dea270423d0e7de3381c49d15af9920c,Maverick,Matrice30,1581F5BK7241J00B,4BUPM58DA4209Q,2025-04-30T06:07:51.901+00:00,599.9,4.5,167.0,17.2,Android,46.0.0,0,no
DJIFlightRecord_2025-05-03_[16-06-09].txt,b1421ed6965decd462bcd4a433c9ce1eab5cde024c05e5976e8147415ae982b4,DJI Avata 2,Avata2,1581F6W8A242N0A3,7QKPLCNDA002SE,2025-05-04T00:06:09.085+00:00,499.5,2.3,85.0,16.8,Linux,0.0.1,0,yes
DJIFlightRecord_2025-05-04_[16-38-18].txt,b428f3b509a5b710cca0fc39759ac57f5e6ab51f06044c2c581e03a779eb68c3,Badass V.2,Mavic3Pro,1581F67QC23CN014,4ERKL656G30QN5,2025-05-04T23:38:18.806+00:00,178.8,0.1,10.0,4.7,DJIFly,1.16.0,0,no
DJIFlightRecord_2025-05-06_[20-14-26].txt,9f0fd4be42a43ee74c06df4db3fc5955fcd6ad4a8743bfc4cf040cba5e5dd962,Badass V.2,Mavic3Pro,1581F67QC23CN014,4ERKL656G30QN5,2025-05-07T03:14:26.620+00:00,464.3,3.1,324.0,15.1,DJIFly,1.16.0,0,no
DJIFlightRecord_2025-05-10_[19-19-11].txt,619e1e7a11e47e76bc707145553fe9f5a39f6903c8d52eaf333e7da9a3ede897,Maverick,Matrice30,1581F5BK7241J00B,4BUPM58DA4209Q,2025-05-11T02:19:11.799+00:00,2027.2,1.1,236.0,17.0,Android,46.0.0,0,no
DJIFlightRecord_2025-05-11_[17-13-29].txt,6cf3b39e82c35b17c2dcf88b2e9f3ebe84d53b8f41e88c09bca29b5d02576112,Maverick,Matrice30,1581F5BK7241J00B,4BUPM58DA4203U,2025-05-12T00:13:29.469+00:00,1454.4,6.6,250.0,17.4,Android,46.0.0,3,no
DJIFlightRecord_2025-05-13_[18-03-10].txt,4ab49cd630d5e70034924cc14e77f70f5302b614b81a556b29128102d7099b91,Maverick,Matrice30,1581F5BK7241J00B,4BUPM58DA4203U,2025-05-14T01:03:10.236+00:00,1604.8,6.7,186.0,17.5,Android,13.0.4,0,no
DJIFlightRecord_2025-05-14_[20-01-17].txt,548ced5d04e7b71f77c7372e7e2cd5afc286874671d8ea9be87506c0dca6e201,Maverick,Matrice30,1581F5BK7241J00B,4BUPM58DA4203U,2025-05-15T03:01:17.662+00:00,917.4,10.2,332.0,17.5,Android,46.0.0,0,no
DJIFlightRecord_2025-05-24_[19-00-31].txt,81b864951063ca7fadb34b80f8d92f8bcc568ea952935d0d97fdfa47702612ba,Maverick,Matrice30,1581F5BK7241J00B,4BUPM58DA42055,2025-05-25T02:00:31.838+00:00,6.0,0.0,0.0,0.0,Android,46.0.0,0,no
DJIFlightRecord_2025-05-24_[19-00-56].txt,d4841e32100e244aa6747a3ac983dc1bd97104ccc4b6b2a6939aef804a68cc90,Maverick,Matrice30,1581F5BK7241J00B,4BUPM58DA42055,2025-05-25T02:00:56.612+00:00,858.9,9.2,161.0,22.6,Android,46.0.0,0,no
DJIFlightRecord_2025-05-24_[19-15-19].txt,19febe0a12cb270fa55a1a50fcaecd7c41ee67600832707d06cc7daa50b0ff4c,Maverick,Matrice30,1581F5BK7241J00B,4BUPM58DA42055,2025-05-25T02:15:19.530+00:00,44.2,0.0,0.0,0.1,Android,46.0.0,0,no
DJIFlightRecord_2025-05-25_[15-04-58].txt,894ba45e3011d98089ddef3615be9ac93a85f86e378b58d0d1a9a36afbad0875,DJI Avata 2,Avata2,1581F6W8A242N0A3,7QKPLCNDA002PL,2025-05-25T23:04:58.009+00:00,864.6,4.9,75.0,16.3,Linux,0.0.1,0,yes
DJIFlightRecord_2025-05-25_[18-31-42].txt,38c57219993c86e8bb6a2c69097000be928b051e17ac6a1978efcf17f63e285d,Badass V.2,Mavic3Pro,1581F67QC23CN014,4ERKL656G30QN5,2025-05-26T01:31:42.865+00:00,844.9,5.4,171.0,15.1,DJIFly,1.16.0,0,no
DJIFlightRecord_2025-06-02_[20-22-36].txt,5bef544683ec5d285ca8b00b7873cdd2ffa5faf4b86b4410c3b46fc496b28d2a,Maverick,Matrice30,1581F5BK7241J00B,4BUPM58DA42055,2025-06-03T03:22:36.788+00:00,209.0,0.8,204.0,16.5,Android,40.96.183,0,no
DJIFlightRecord_2025-06-02_[20-26-10].txt,46562d5c9d036a43b01d86c8962bf7768e0442edf81a7ed64b2873218480eba8,Maverick,Matrice30,1581F5BK7241J00B,4BUPM58DA42055,2025-06-03T03:26:10.047+00:00,1129.9,6.5,270.0,18.3,Android,46.0.0,0,no
DJIFlightRecord_2025-06-08_[21-50-41].txt,d1a8bfe5d394e7fb6a24e57cf4b425f585b2a75357a2ae8b0fa84f72eb0dc6c6,Maverick,Matrice30,1581F5BK7241J00B,4BUPM58DA4203U,2025-06-09T04:50:41.660+00:00,1080.5,5.2,768.0,17.2,Android,13.0.4,0,no
DJIFlightRecord_2025-06-11_[18-08-04].txt,1dcc1871075bcf528d5ef1d6b31b14423b6bb7d38e3eca518f06b8e55c03cf4f,Maverick,Matrice30,1581F5BK7241J00B,4BUPM58DA42055,2025-06-12T01:08:04.029+00:00,1735.5,2.7,231.0,17.1,Android,46.0.0,1,no
DJIFlightRecord_2025-06-11_[18-38-10].txt,7152d6ba52547d9beddcd837501f724237b08b129877b3b59f5e0eec700b0164,Maverick,Matrice30,1581F5BK7241J00B,4BUPM58DA4203U,2025-06-12T01:38:10.863+00:00,1580.7,2.6,255.0,22.8,Android,46.0.0,0,no
DJIFlightRecord_2025-06-11_[19-05-33].txt,53ed32faa748ec1e9ec2f1012733aa8d001fa2fb263ee12aac732c6945b0d5e6,Maverick,Matrice30,1581F5BK7241J00B,4BUPM58DA4209Q,2025-06-12T02:05:33.900+00:00,1815.8,1.5,237.0,17.2,Android,46.0.0,0,no
DJIFlightRecord_2025-06-11_[19-51-25].txt,23b7fab206cc3a2fd508879452eddf400c6e78e1adbed3733ac2c75e8289aa86,Maverick,Matrice30,1581F5BK7241J00B,4BUPM58DA4203U,2025-06-12T02:51:25.853+00:00,1192.2,1.4,226.0,17.3,Android,46.0.0,0,no
DJIFlightRecord_2025-06-16_[19-34-28].txt,1e97d984d5530ad80298b275f4525fd7c17996bcb262d254c67b6ce934750c64,DJI Avata 2,Avata2,1581F6W8A242N0A3,7QKPLCNDA000U0,2025-06-17T03:34:28.439+00:00,733.2,4.3,117.0,16.6,Linux,0.0.1,0,yes
DJIFlightRecord_2025-06-16_[19-47-20].txt,f18746d85a2e35b8aedcf426ded7f41274b8a3c66fb55c3eeb33bfb8028f9eb8,DJI Avata 2,Avata2,1581F6W8A242N0A3,7QKPLCNDA002SE,2025-06-17T03:47:20.132+00:00,644.0,3.7,64.0,16.1,Linux,0.0.1,5,yes
DJIFlightRecord_2025-07-02_[20-04-06].txt,a8c83362f23d61584325a28cd6c8c121a3155cd3b8e83fff9f231a586b0fb4c4,Maverick,Matrice30,1581F5BK7241J00B,4BUPM58DA4209Q,2025-07-03T03:04:06.578+00:00,1311.7,17.0,309.0,17.6,Android,14.0.0,0,no
DJIFlightRecord_2025-07-02_[20-26-02].txt,bbfac235297019d08285cfcb90a2c22f32512af2b0a9fb4b2f0aac02e4e8df5f,Maverick,Matrice30,1581F5BK7241J00B,4BUPM58DA4209Q,2025-07-03T03:26:02.008+00:00,14.8,0.0,0.0,0.1,Android,14.0.0,0,no
DJIFlightRecord_2025-07-02_[20-26-41].txt,16cd7c5937e057395c4592ed6f380b3ff6e1fa3062ba97f42504e6b5c454d60f,Maverick,Matrice30,1581F5BK7241J00B,4BUPM58DA4209Q,2025-07-03T03:26:41.308+00:00,9.7,0.0,0.0,0.0,Android,14.0.0,0,no
DJIFlightRecord_2025-07-04_[21-51-18].txt,e9d44a357098ae49e32f6c1111ca79e6970d8fbbe54b7753ec92c185081e453b,Maverick,Matrice30,1581F5BK7241J00B,4BUPM58DA4203U,2025-07-05T04:51:18.280+00:00,898.7,0.4,93.0,16.0,Android,46.0.0,0,no
DJIFlightRecord_2025-07-04_[22-25-52].txt,1c3f5db01a14bbde0995117e1b47f36f4ac728b9a6e2fabc233af38485a2d7da,Maverick,Matrice30,1581F5BK7241J00B,4BUPM58DA4203U,2025-07-05T05:25:52.969+00:00,363.7,0.6,65.0,14.8,Android,46.0.0,0,no
DJIFlightRecord_2025-07-05_[13-51-10].txt,9eaf5907ce10e3a27616ab04612a021a6edb6c37f0d35ceb43412f51e0f0f6b1,Maverick,Matrice30,1581F5BK7241J00B,4BUPM58DA4209Q,2025-07-05T20:51:10.593+00:00,4.1,0.0,0.0,0.0,Android,103.0.112,0,no
DJIFlightRecord_2025-07-05_[13-51-19].txt,706d3a0f4c568cc7819237df2de7f7ca6abcb5170c4a923a463a023574682dbb,Maverick,Matrice30,1581F5BK7241J00B,4BUPM58DA4209Q,2025-07-05T20:51:19.391+00:00,1625.0,6.7,284.0,17.4,Android,103.0.112,1,no
DJIFlightRecord_2025-07-06_[17-02-47].txt,79030b188558f1be5a0a46efc09d32672bc3205fca14293524112667e41b87df,DJI Avata 2,Avata2,1581F6W8A242N0A3,7QKPLCNDA002PL,2025-07-07T01:02:47.568+00:00,417.1,0.7,30.0,8.0,Linux,0.0.1,0,yes
DJIFlightRecord_2025-07-10_[20-12-53].txt,eb76b8bb66ffa6c8d3a0f6c0db9a218a45e09afa0a5009cda80b521a71dae791,Maverick,Matrice30,1581F5BK7241J00B,4BUPM58DA42055,2025-07-11T03:12:53.218+00:00,1325.0,2.5,262.0,17.0,Android,46.0.0,0,no
DJIFlightRecord_2025-07-11_[19-54-19].txt,fb0bf8339daeb614dfe3c2fc2fad0ebaaeab66c1798fa0d72b3c1c43784a2718,Maverick,Matrice30,1581F5BK7241J00B,4BUPM58DA4204B,2025-07-12T02:54:19.262+00:00,1582.0,4.3,244.0,17.3,Android,46.0.0,3,no
DJIFlightRecord_2025-07-12_[21-56-41].txt,150d2a3f78f74eca2f7307f127c1edaf9ce909e87c5639cc05e5720d1641ec96,Maverick,Matrice30,1581F5BK7241J00B,4BUPM58DA4203U,2025-07-13T04:56:41.201+00:00,521.3,2.0,84.0,15.5,Android,103.0.112,0,no
DJIFlightRecord_2025-07-12_[22-07-18].txt,aa87556941072951037d99d6f283e5742ab59ce5a063ff1aa977b874e2c93d31,Maverick,Matrice30,1581F5BK7241J00B,4BUPM58DA4203U,2025-07-13T05:07:18.315+00:00,184.1,0.4,94.0,13.8,Android,103.0.112,0,no
DJIFlightRecord_2025-07-19_[11-52-31].txt,4f35e8f8e23c4f0ce7b5db7e68cb8847cb9be9b059e38241d5953ed08636eb65,Maverick,Matrice30,1581F5BK7241J00B,4BUPM58DA42055,2025-07-19T18:52:31.472+00:00,746.2,2.4,178.0,17.0,Android,4.0.0,0,no
DJIFlightRecord_2025-07-22_[21-50-22].txt,b1f87e5c125bbec0c7531318904d427c00e121da3951d8b3b36632ae8b7c530c,Maverick,Matrice30,1581F5BK7241J00B,4BUPM58DA4209Q,2025-07-23T04:50:22.233+00:00,1415.0,6.9,251.0,17.3,Android,13.0.4,0,no
DJIFlightRecord_2025-07-23_[10-25-18].txt,7dfb49f55171c391292c65c5d425f9380422dabac983ca163700aaf5135ae80a,DJI Avata 2,Avata2,1581F6W8A242N0A3,7QKPLCNDA002SE,2025-07-23T18:25:18.403+00:00,468.4,1.3,31.0,7.9,Linux,0.0.1,0,yes
DJIFlightRecord_2025-07-24_[20-02-42].txt,bd284b2aa3af5d5850326dedf797df6cbbab622185bb5f9b02cd6bef64c416bb,Maverick,Matrice30,1581F5BK7241J00B,4BUPM58DA42055,2025-07-25T03:02:42.935+00:00,1394.3,12.1,437.0,23.7,Android,13.0.4,0,no
DJIFlightRecord_2025-07-27_[21-13-03].txt,49ed371d433720d528ed7dc1f047122b6e3de262a0d0fb97655a842b469efee3,Maverick,Matrice30,1581F5BK7241J00B,4BUPM58DA42055,2025-07-28T04:13:03.195+00:00,1172.1,5.0,245.0,17.3,Android,13.0.4,0,no
DJIFlightRecord_2025-07-29_[21-21-13].txt,3a9a6d7ca2eede2e3372203c11ff30bee670eedc15c904851577c1e26fb59130,Maverick,Matrice30,1581F5BK7241J00B,4BUPM58DA42055,2025-07-30T04:21:13.868+00:00,928.0,9.7,270.0,17.5,Android,4.0.0,0,no
DJIFlightRecord_2025-08-10_[12-13-14].txt,b2059d7bf5b0afc8bddb99de0740ff5251bd1dc04a1a0fe3f7d0aa1407d0743a,DJI Avata 2,Avata2,1581F6W8A242N0A3,7QKPLCNDA002SE,2025-08-10T20:13:14.972+00:00,356.0,3.7,50.0,16.4,Linux,0.0.1,0,yes
DJIFlightRecord_2025-08-10_[12-46-50].txt,f2f4cee8796f25ffb9b7e2b6841755d75bfd99a3efaba68c988aeda13c4a873f,DJI Avata 2,Avata2,1581F6W8A242N0A3,7QKPLCNDA002PL,2025-08-10T20:46:50.908+00:00,482.7,4.0,43.0,16.4,Linux,0.0.1,0,yes
DJIFlightRecord_2025-08-10_[13-02-57].txt,6f5a3c9f356125673b24ffec07fb38fd69399b2d4c9da6362f3ebe02da3a0cd4,DJI Avata 2,Avata2,1581F6W8A242N0A3,7QKPLCNDA000U0,2025-08-10T21:02:57.448+00:00,269.4,1.0,29.0,16.7,Linux,0.0.1,0,yes
DJIFlightRecord_2025-08-18_[20-42-43].txt,12ac0506289fd2a0cb01f6ed0057ddeed1af28dcdc5256267f39652a6b32b1c7,Maverick,Matrice30,1581F5BK7241J00B,4BUPM58DA4203U,2025-08-19T03:42:43.931+00:00,1207.1,7.3,186.0,23.4,Android,46.0.0,0,no
DJIFlightRecord_2025-08-25_[18-25-30].txt,24efc86479a68abaf8ba37289c35696661d590c619cfd04a4c45383e266c5150,Maverick,Matrice30,1581F5BK7241J00B,4BUPM58DA42055,2025-08-26T01:25:30.141+00:00,1495.8,5.5,259.0,17.1,Android,103.0.112,0,no
DJIFlightRecord_2025-08-28_[18-13-17].txt,605e87884851fdaca710b6f811c629d9708d8059f80633b091942e01de473cfc,Maverick,Matrice30,1581F5BK7241J00B,4BUPM58DA4203U,2025-08-29T01:13:17.563+00:00,1060.4,13.8,367.0,17.3,Android,46.0.0,0,no
DJIFlightRecord_2025-08-28_[18-39-48].txt,c94a978a0786cce96a0b5b2db6f18d7ebb164ce62327de1c316efe6fafca691a,Maverick,Matrice30,1581F5BK7241J00B,4BUPM58DA42055,2025-08-29T01:39:48.815+00:00,1643.9,0.4,265.0,12.8,Android,46.0.0,0,no
DJIFlightRecord_2025-08-31_[09-57-15].txt,05b1268ef6b4c2f4cb446d0d19c2590e241de636b37eccdffe4f1d22224b194e,DJI Avata 2,Avata2,1581F6W8A242N0A3,7QKPLCNDA002SE,2025-08-31T17:57:15.369+00:00,3.3,0.0,0.0,0.0,Linux,0.0.1,0,yes
DJIFlightRecord_2025-08-31_[09-57-38].txt,a1c7d1790e9f445755f12c500beb64479a2e0952c1dafed56c3ca8c531f8de5c,DJI Avata 2,Avata2,1581F6W8A242N0A3,7QKPLCNDA002SE,2025-08-31T17:57:38.669+00:00,899.9,1.0,27.0,7.6,Linux,0.0.1,0,yes
DJIFlightRecord_2025-08-31_[10-27-07].txt,abfcbbdf617426a787a5354775105134b6957736690e331be77429450baa62fe,DJI Avata 2,Avata2,1581F6W8A242N0A3,7QKPLCNDA000U0,2025-08-31T18:27:07.886+00:00,126.7,0.1,14.0,7.0,Linux,0.0.1,0,yes
DJIFlightRecord_2025-08-31_[10-30-31].txt,b1c52e05ebeaf9b62918484e0f79759c17e1f47b0c7978693608a933bb543d9d,DJI Avata 2,Avata2,1581F6W8A242N0A3,7QKPLCNDA002PL,2025-08-31T18:30:31.599+00:00,496.0,1.1,23.0,7.4,Linux,0.0.1,0,yes
DJIFlightRecord_2025-09-05_[12-54-11].txt,9bf273e775a1cd74d7d6bdc65453014aa8753a679fb84e5ab5ea69f75d746ff4,Maverick,Matrice30,1581F5BK7241J00B,4BUPM58DA42055,2025-09-05T19:54:11.494+00:00,707.8,5.4,297.0,17.3,Android,40.128.226,0,no
DJIFlightRecord_2025-09-05_[13-06-02].txt,3e2d1e6ee07c67ee4141be639587138ce2e0c1c95bb19f81fb39557ff0280b54,Maverick,Matrice30,1581F5BK7241J00B,4BUPM58DA42055,2025-09-05T20:06:02.802+00:00,31.2,0.0,7.0,1.2,Android,40.128.226,0,no
DJIFlightRecord_2025-09-05_[19-16-29].txt,cd46235c09954ba02c7b36135ba83d61cd6a5f41e2445f3515358c12d3fbdeb8,Maverick,Matrice30,1581F5BK7241J00B,4BUPM58DA4209Q,2025-09-06T02:16:29.997+00:00,1389.6,6.6,244.0,17.3,Android,4.0.0,4,no
DJIFlightRecord_2025-09-06_[19-06-40].txt,b71fda8147b7251b3f1e149431c0a2f072c13abcedc947cbdae8a0ecd184e324,DJI Avata 2,Avata2,1581F6W8A242N0A3,7QKPLCNDA000U0,2025-09-07T03:06:40.440+00:00,561.2,4.5,82.0,22.0,Linux,0.0.1,0,yes
DJIFlightRecord_2025-09-19_[20-59-37].txt,e841864894e7382be90c0c3f6a88598fd7021894b16c4f73809e4d19c7a9a851,Maverick,Matrice30,1581F5BK7241J00B,4BUPM58DA4203U,2025-09-20T03:59:37.307+00:00,720.8,4.8,475.0,23.6,Android,13.0.4,0,no
DJIFlightRecord_2025-09-19_[21-11-41].txt,4babd995d03ef9e97382fedf02cda64e8f2309cc7a3d7ffec581ae2183848d87,Maverick,Matrice30,1581F5BK7241J00B,4BUPM58DA4203U,2025-09-20T04:11:41.164+00:00,296.6,3.3,499.0,22.7,Android,25.0.0,0,no
DJIFlightRecord_2025-09-27_[15-16-26].txt,9e93cd54d4f2c16a1051d968db678a2f3e64974d8b942b0e7422258b07734a62,Maverick,Matrice30,1581F5BK7241J00B,4BUPM58DA4203U,2025-09-27T22:16:26.965+00:00,732.6,5.2,343.0,21.5,Android,14.3.0,0,no
DJIFlightRecord_2025-09-29_[10-17-37].txt,b7e9f81a96918b8734bd47f97a3054d85d7a697b9ac6c9a9303683256a9cd605,Maverick,Matrice30,1581F5BK7241J00B,4BUPM58DA4203U,2025-09-29T17:17:37.644+00:00,981.0,3.9,150.0,17.2,Android,14.3.0,0,no
DJIFlightRecord_2025-09-30_[21-18-20].txt,775d790d0b026a8bca6ad0478c7839518ed2c769fe4e28936117347e06621223,Maverick,Matrice30,1581F5BK7241J00B,4BUPM58DA42055,2025-10-01T04:18:20.823+00:00,777.0,6.5,245.0,17.4,Android,14.3.0,0,no
DJIFlightRecord_2025-10-07_[23-08-03].txt,24b8c12ad59adf7ad1a64785d5d40289a90285e98a5fa18f8efaca1502064b78,Maverick,Matrice30,1581F5BK7241J00B,4BUPM9JDA4200Q,2025-10-08T06:08:03.187+00:00,1683.6,8.3,339.0,17.3,Android,46.0.0,1,no
DJIFlightRecord_2025-10-25_[22-17-27].txt,aa3d558eea329f6e5bf48ff37644281511de146b38c768693d4e7464d1d18608,Maverick,Matrice30,1581F5BK7241J00B,4BUPM58DA4203U,2025-10-26T05:17:27.960+00:00,336.0,3.0,99.0,23.1,Android,40.16.29,0,no
DJIFlightRecord_2025-10-27_[09-58-26].txt,d8e052f544a45d973f0f7aa97cd3a44324bb3c4f78eefd68527efd4d7f8568d3,Maverick,Matrice30,1581F5BK7241J00B,4BUPM58DA4209Q,2025-10-27T16:58:26.950+00:00,1639.2,1.2,94.0,16.8,Android,14.3.0,0,no
DJIFlightRecord_2025-10-27_[10-27-07].txt,d5329eb34d483cdbbb1e90f1556237626d9dfad5d387a5d7ac2a2bd54e9761fc,Maverick,Matrice30,1581F5BK7241J00B,4BUPM58DA42055,2025-10-27T17:27:07.362+00:00,1587.9,0.8,74.0,16.9,Android,14.3.0,0,no
DJIFlightRecord_2025-10-27_[10-54-51].txt,473eb96b14f1e3ec916292883b6907c89c8fdf6af663772e1712d3e9816358e2,Maverick,Matrice30,1581F5BK7241J00B,4BUPM58DA4203U,2025-10-27T17:54:51.665+00:00,1430.7,2.0,169.0,17.1,Android,14.3.0,0,no
DJIFlightRecord_2025-10-30_[12-27-31].txt,8f579b41f06b1555a747fe4431b6d35629ff4fcf8e1f180021ac71ad89a50308,MATRICE 4T,Unknown(150),1581F7K3C25AA00D,7PAPNABCA0014Q,2025-10-30T02:27:31.393+00:00,1779.2,5.7,255.0,15.5,Android,58.0.0,0,no
DJIFlightRecord_2025-10-31_[19-48-03].txt,be4ec09c1af24ecfeb5eaf660fbf846ee6dbaeeab57773736ef6f9cc8104223b,Maverick,Matrice30,1581F5BK7241J00B,4BUPM58DA4209Q,2025-11-01T02:48:03.459+00:00,1324.9,5.8,169.0,17.3,Android,14.3.0,0,no
DJIFlightRecord_2025-11-01_[06-51-24].txt,25d0349d7dad39a000c192b51db0ac30ca649adb67778e79766eca081fedde91,MATRICE 4T,Unknown(150),1581F7K3C25AA00D,7PAPNABCA0014Q,2025-10-31T20:51:24.691+00:00,1227.8,10.7,318.0,15.3,Android,15.0.0,3,no
DJIFlightRecord_2025-11-01_[13-50-30].txt,2f7d3de6dd51f159804dcdac3897ae3d1a060c549962e9c9412aece0c3606620,MATRICE 4T,Unknown(150),1581F7K3C25AA00D,7PAPNABCA0014Q,2025-11-01T03:50:30.395+00:00,2210.1,4.8,112.0,15.3,Android,15.0.0,0,no
DJIFlightRecord_2025-11-01_[19-09-55].txt,9f3ef87a9d40c98226c653e0d3375a4da09f5cc09e6566bfa4b6e28fd8e7afb3,Maverick,Matrice30,1581F5BK7241J00B,4BUPM58DA42055,2025-11-02T02:09:55.920+00:00,946.1,0.7,168.0,14.5,Android,4.0.0,0,no
DJIFlightRecord_2025-11-02_[12-13-54].txt,d8f48f15d622daa7e6e0cd70230f819eb942132221b12a1c077284efd8b86165,MATRICE 4T,Unknown(150),1581F7K3C25AA00D,7PAPNABCA0014Q,2025-11-02T02:13:54.299+00:00,1707.2,3.6,244.0,15.6,Android,46.0.0,0,no
DJIFlightRecord_2025-11-07_[12-29-50].txt,5639eb610d20648576a14de1478ba3240b8d69d5dceffaee7557baf443a742eb,MATRICE 4T,Unknown(150),1581F7K3C25AA00D,7PAPNABCA0014Q,2025-11-07T02:29:50.205+00:00,468.8,2.6,97.0,15.5,Android,16.0.0,0,no
DJIFlightRecord_2025-11-09_[13-24-17].txt,de2afdbbcac1869dc90b23dc0e515babab6ec354d40fc6c040cfb9a9b56e84a7,MATRICE 4T,Unknown(150),1581F7K3C25AA00D,7PAPNABCA0014Q,2025-11-09T03:24:17.575+00:00,1211.7,8.7,244.0,16.1,Android,4.0.0,0,no
DJIFlightRecord_2025-11-09_[20-25-18].txt,b323403fdc1f9475afa953780ae250707bdc4b298d63011a82d12c09abe40c31,Maverick,Matrice30,1581F5BK7241J00B,4BUPM58DA42055,2025-11-10T04:25:18.025+00:00,574.7,0.3,163.0,14.4,Android,46.0.0,0,no
DJIFlightRecord_2025-11-10_[14-21-30].txt,31274a61b1b502473932a7798e43d47c279d0bcebb72faf330b05cdad99332ca,MATRICE 4T,Unknown(150),1581F7K3C25AA00D,7PAPNABCA0014Q,2025-11-10T04:21:30.899+00:00,1464.3,0.9,217.0,13.7,Android,103.0.112,0,no
DJIFlightRecord_2025-11-11_[13-52-12].txt,1aae8e1ea2936c8923c2b6eb915987aa7dc5ac8f9726f3401548276ec13a23eb,MATRICE 4T,Unknown(150),1581F7K3C25AA00D,7PAKN6SCG301A5,2025-11-11T03:52:12.409+00:00,1604.0,8.0,153.0,15.1,Android,32.202.142,1,no
DJIFlightRecord_2025-11-12_[08-20-05].txt,85c63016ec068f44cd88a803e7ca9bccc380501051808d85dd252909cd4bbc8c,MATRICE 4T,Unknown(150),1581F7K3C25AA00D,7PAPN8NCA000B9,2025-11-11T22:20:05.840+00:00,562.0,1.3,220.0,15.0,Android,16.0.0,0,no
DJIFlightRecord_2025-11-12_[08-32-44].txt,41a9441e4554af6da24264de24b084da4b614ecb57c20695c87411cf8a8df1a4,MATRICE 4T,Unknown(150),1581F7K3C25AA00D,7PAPN8NCA000B9,2025-11-11T22:32:44.285+00:00,208.9,0.1,73.0,7.7,Android,103.0.112,0,no
DJIFlightRecord_2025-11-12_[13-27-45].txt,877dfc255b3e654b20a55680f27c8386c41193ad7110382af90a9324dbb9731b,MATRICE 4T,Unknown(150),1581F7K3C25AA00D,7PAPN8NCA000B9,2025-11-12T03:27:45.773+00:00,1180.2,10.6,328.0,15.1,Android,12.0.0,1,no
DJIFlightRecord_2025-11-12_[15-16-58].txt,cd48b48294733aba3e2ffa6fa06a44ea93508ee84d5bd7f6a542df4690fc3d53,MATRICE 4T,Unknown(150),1581F7K3C25AA00D,7PAPNABCA0014Q,2025-11-12T05:16:58.895+00:00,938.7,2.9,167.0,15.3,Android,16.0.0,0,no
DJIFlightRecord_2025-11-16_[05-58-27].txt,d8e1b86e63ea2812d22bd0ca91a57134cc36a6912dd6a9a053a5064ad900f81f,MATRICE 4T,Unknown(150),1581F7K3C25AA00D,7PAPNABCA0014Q,2025-11-15T19:58:27.239+00:00,826.1,2.6,163.0,15.1,Android,46.0.0,0,no
DJIFlightRecord_2025-11-16_[21-41-48].txt,21e8535d0b449d890505d6449573dd9b7ee849050207f2ffa29fecfa9efa19b2,Maverick,Matrice30,1581F5BK7241J00B,4BUPM58DA4203U,2025-11-17T05:41:48.001+00:00,1040.3,6.7,165.0,17.2,Android,103.0.112,0,no
DJIFlightRecord_2025-11-17_[10-36-27].txt,d99c5f2c6a36f85b79caded90aa712d81cf04cdcb9f549add4073c913a2eb1a4,MATRICE 4T,Unknown(150),1581F7K3C25AA00D,7PAPNABCA0014Q,2025-11-17T00:36:27.462+00:00,662.7,3.8,168.0,15.2,Android,16.0.0,1,no
DJIFlightRecord_2025-11-18_[15-57-52].txt,3365160858be4825258bbad681b8a814eb72ca1f2b04c462007f3cbd1a21414b,MATRICE 4T,Unknown(150),1581F7K3C25AA00D,7PAPNABCA0014Q,2025-11-18T05:57:52.237+00:00,1336.8,4.7,171.0,15.2,Android,46.0.0,0,no
DJIFlightRecord_2025-11-21_[16-45-53].txt,80c9ec0061dcbfcfde6d545f79ed14b48f51f5d8680dc0179c34ce48fe10c218,MATRICE 4T,Unknown(150),1581F7K3C25AA00D,7PAPNABCA0014Q,2025-11-21T06:45:53.947+00:00,1007.3,9.1,316.0,15.1,Android,21.0.0,0,no
DJIFlightRecord_2025-12-01_[08-08-22].txt,45ebfbbcf2396db036ed29f04a3895434d7b1398fe149578b3c1c6dbeda5ce04,MATRICE 4T,Unknown(150),1581F7K3C25AA00D,7PAPNABCA0014Q,2025-11-30T22:08:22.154+00:00,564.7,3.9,183.0,15.2,Android,103.0.112,0,no
DJIFlightRecord_2025-12-01_[10-36-24].txt,933fdd7fc044365fabcc2232d9c6351bbb379e304bd123340a9d1971316b062a,MATRICE 4T,Unknown(150),1581F7K3C25AA00D,7PAPNABCA0014Q,2025-12-01T00:36:24.421+00:00,1796.5,2.2,156.0,15.2,Android,16.0.0,7,no
DJIFlightRecord_2025-12-01_[11-11-37].txt,37e5f9b9edad97a059b136a3f55c6fbfccc9c635e0d2c1d5e2206888c9c713ae,MATRICE 4T,Unknown(150),1581F7K3C25AA00D,7PAKN6SCG301A5,2025-12-01T01:11:37.374+00:00,1567.9,2.3,121.0,15.2,Android,16.0.0,3,no
DJIFlightRecord_2025-12-01_[11-38-14].txt,036137159175acad5341d1b160c7c65a1c05dd4a43005c6ae626f59de827df2d,MATRICE 4T,Unknown(150),1581F7K3C25AA00D,7PAPN3HCA000C6,2025-12-01T01:38:14.851+00:00,2.8,0.0,0.0,0.0,Android,16.0.0,0,no
DJIFlightRecord_2025-12-01_[11-38-23].txt,55e97cd660b792c341dd8a939346eed22619f2bf2122f5f8f87c31e41d100389,MATRICE 4T,Unknown(150),1581F7K3C25AA00D,7PAPN3HCA000C6,2025-12-01T01:38:23.761+00:00,1769.1,2.2,123.0,15.2,Android,16.0.0,4,no
DJIFlightRecord_2025-12-01_[12-08-24].txt,4e9dd6539214f8f253fed9f4821cf0aa12bf8af7e2c7880e1e7d8552758f4777,MATRICE 4T,Unknown(150),1581F7K3C25AA00D,7PAPNABCA0014Q,2025-12-01T02:08:24.015+00:00,1849.9,1.8,107.0,15.3,Android,16.0.0,5,no
DJIFlightRecord_2025-12-01_[12-39-42].txt,681c6e991b6091ab9e876c7acc2c127c784f0b4ec08cd74d460a7ff5c659c55e,MATRICE 4T,Unknown(150),1581F7K3C25AA00D,7PAKN6SCG301A5,2025-12-01T02:39:42.171+00:00,746.6,2.0,118.0,15.1,Android,16.0.0,5,no
DJIFlightRecord_2025-12-06_[15-20-39].txt,38cb4cddf6109a6f0f2851a0a0cd16e08c2a7dd1a2799ea9cabf697fd4a440e7,MATRICE 4T,Unknown(150),1581F7K3C25AA00D,7PAPNABCA0014Q,2025-12-06T05:20:39.317+00:00,1132.4,0.4,114.0,13.1,Android,103.0.112,0,no
DJIFlightRecord_2025-12-10_[16-05-37].txt,ece662eac3085eedb71a6ce87c53a3a6b32e285e00d3decf0fbb98fb059e5083,MATRICE 4T,Unknown(150),1581F7K3C25AA00D,7PAPNABCA0014Q,2025-12-10T06:05:37.241+00:00,1035.9,4.5,169.0,15.6,Android,16.0.0,0,no
DJIFlightRecord_2025-12-11_[09-13-53].txt,e66048f0457b0d288baf6852e3d0331940e0d1f609504f3f148d004fbe0a9cdc,DJI Avata 2,Avata2,1581F6W8A242N0A3,7QKPLCNDA002PL,2025-12-11T17:13:53.465+00:00,180.8,0.6,11.0,12.5,Linux,0.0.1,0,yes
DJIFlightRecord_2025-12-11_[15-44-24].txt,2ac291349f32cba5fb1d4f50b1258f361f0079466e0ddfa0e7a34d88c2aff230,MATRICE 4T,Unknown(150),1581F7K3C25AA00D,7PAKN6SCG301A5,2025-12-11T05:44:24.295+00:00,1229.1,10.9,291.0,15.3,Android,103.0.112,0,no
DJIFlightRecord_2025-12-11_[16-53-47].txt,508d621b36509609bab54482bfa501e315e2f3618b960507903f30592d49de39,DJI Avata 2,Avata2,1581F6W8A242N0A3,7QKPLCNDA002PL,2025-12-12T00:53:47.131+00:00,150.6,0.6,15.0,8.0,Linux,0.0.1,0,yes
DJIFlightRecord_2025-12-14_[15-29-11].txt,6a881eaab6526d5e70a7b6fa7a3e1214743951385bee4305d49addb66a90295e,MATRICE 4T,Unknown(150),1581F7K3C25AA00D,7PAPNABCA0014Q,2025-12-14T05:29:11.429+00:00,1603.2,3.9,159.0,15.1,Android,16.1.0,1,no
DJIFlightRecord_2025-12-18_[19-10-15].txt,9369c836995e171f565308edcd1798fdce0a113bc52fad3fd41ee37eb2398444,DJI Avata 2,Avata2,1581F6W8A242N0A3,7QKPLCNDA000U0,2025-12-19T03:10:15.208+00:00,139.0,0.0,5.0,7.1,Linux,0.0.1,0,yes
DJIFlightRecord_2025-12-20_[08-53-55].txt,ac4d80ec829690633f4cc97f903eeb5eb42c98b2a18a22b3429073b71170a35b,Maverick,Matrice30,1581F5BK7241J00B,4BUPM9GDA420HA,2025-12-20T16:53:55.161+00:00,1614.6,0.6,102.0,14.1,Android,46.0.0,0,no
DJIFlightRecord_2025-12-20_[09-22-32].txt,c3be34624c0c61e37e239942be7676dd909bcb6f8c3f57827379eb9271c8fcf8,Maverick,Matrice30,1581F5BK7241J00B,4BUPM58DA4203U,2025-12-20T17:22:32.572+00:00,1702.1,0.3,97.0,10.8,Android,46.0.0,0,no
DJIFlightRecord_2025-12-20_[10-19-23].txt,f74ec09c81440fb70e7b8fdea824f14fe9fc02c98fd930870a3fd3a681f9bc1d,Maverick,Matrice30,1581F5BK7241J00B,4BUPM58DA42055,2025-12-20T18:19:23.289+00:00,1477.8,0.3,63.0,15.7,Android,47.0.0,0,no
DJIFlightRecord_2025-12-20_[11-35-15].txt,6ff57042973e0306e39451fb8b5348889cb8cfd2e2042e81c08f2d17d13d1629,Maverick,Matrice30,1581F5BK7241J00B,4BUPM58DA4209Q,2025-12-20T19:35:15.528+00:00,1655.1,1.4,240.0,17.2,Android,40.240.43,0,no
DJIFlightRecord_2025-12-21_[02-59-23].txt,febb4d54e1169c95a8bea09684a7586e31bf4b0844fa696da3ef317af6b63762,MATRICE 4T,Unknown(150),1581F7K3C25AA00D,7PAPNABCA0014Q,2025-12-20T16:59:23.170+00:00,1678.2,1.2,91.0,14.8,Android,46.0.0,0,no
DJIFlightRecord_2025-12-21_[03-33-15].txt,090b5ed79346991c853bb009de8aba61bb281d9e8e2677d69783c21914434cc2,MATRICE 4T,Unknown(150),1581F7K3C25AA00D,7PAKN6SCG301A5,2025-12-20T17:33:15.210+00:00,1577.8,1.3,84.0,13.6,Android,46.0.0,0,no
DJIFlightRecord_2025-12-21_[04-03-34].txt,ef9512795beafb18a8b5468cb9eee43b031c247e01720cd446281cd10e49e626,MATRICE 4T,Unknown(150),1581F7K3C25AA00D,7PAPN3HCA000C6,2025-12-20T18:03:34.457+00:00,58.8,0.1,25.0,10.3,Android,46.0.0,0,no
DJIFlightRecord_2025-12-21_[04-21-23].txt,b9bda4d328b427152cbb26cbadde970946e115862e6c1ade027e71f66a075a2b,MATRICE 4T,Unknown(150),1581F7K3C25AA00D,7PAPN3HCA000C6,2025-12-20T18:21:23.718+00:00,1293.1,4.0,97.0,15.0,Android,21.0.0,0,no
DJIFlightRecord_2025-12-21_[05-38-16].txt,42e523c5bb60e834637792d5ea5d1185d5c93a8f92216199136c8daa5b2a06a0,MATRICE 4T,Unknown(150),1581F7K3C25AA00D,7PAPNABCA0014Q,2025-12-20T19:38:16.052+00:00,1531.8,2.3,85.0,15.1,Android,85.83.0,0,no
DJIFlightRecord_2025-12-21_[06-09-17].txt,853d35992a3ecd3af97ac5b87c23ab8776d8e2cce945e82fabe337fb284e6f50,MATRICE 4T,Unknown(150),1581F7K3C25AA00D,7PAKN6SCG301A5,2025-12-20T20:09:17.491+00:00,1304.9,0.8,99.0,14.9,Android,85.83.0,1,no
DJIFlightRecord_2025-12-21_[07-18-38].txt,f2de3d82fb05a697655260b378bc827fdf831bcc301d75856bb849221454b1d9,MATRICE 4T,Unknown(150),1581F7K3C25AA00D,7PAPN3HCA000C6,2025-12-20T21:18:38.710+00:00,819.8,0.3,55.0,11.9,Android,46.0.0,0,no
DJIFlightRecord_2025-12-25_[17-16-11].txt,fb9174ba21428f73432a39921e6361f7468991988376e0e2771a47671394b37c,MATRICE 4T,Unknown(150),1581F7K3C25AA00D,7PAKN6SCG301A5,2025-12-25T07:16:11.829+00:00,1683.7,0.6,137.0,14.2,Android,21.0.0,0,no
DJIFlightRecord_2025-12-26_[14-54-49].txt,bcf1626fc4f096a299aa1c20d46ad608f9f15e3062d57ef7d57d64d68415a4ab,MATRICE 4T,Unknown(150),1581F7K3C25AA00D,7PAKN6SCG301A5,2025-12-26T04:54:49.953+00:00,1208.6,12.3,297.0,15.3,Android,0.160.216,0,no
DJIFlightRecord_2026-01-01_[14-40-09].txt,3dd46448f9242451c5ba1e59f75fe2f833003b4399617b8badc23a7d74ec5d37,MATRICE 4T,Unknown(150),1581F7K3C25AA00D,7PAPNABCA0014Q,2026-01-01T04:40:09.932+00:00,1660.0,5.1,241.0,15.1,Android,58.0.0,0,no
DJIFlightRecord_2026-01-01_[17-50-51].txt,664d6c87f3dc0d52edfd8e7637db1636b700c719d838029584700c3f35a301ee,MATRICE 4T,Unknown(150),1581F7K3C25AA00D,7PAKN6SCG301A5,2026-01-01T07:50:51.574+00:00,505.0,4.6,137.0,15.4,Android,103.0.112,0,no
DJIFlightRecord_2026-01-03_[17-07-59].txt,30f48fd0071201c3993c94a4b043859e67e322e8eb4654310bc47cf158756251,MATRICE 4T,Unknown(150),1581F7K3C25AA00D,7PAPNABCA0014Q,2026-01-03T07:07:59.306+00:00,1042.4,7.6,244.0,16.4,Android,0.208.89,0,no
DJIFlightRecord_2026-01-03_[17-51-25].txt,b7ecc352173943c25be309fa73532b5273cc923b0e23d45d0da5d82d35ad6867,Maverick,Matrice30,1581F5BK7241J00B,4BUPM58DA42055,2026-01-04T01:51:25.631+00:00,1488.1,5.1,199.0,17.4,Android,46.0.0,0,no
DJIFlightRecord_2026-01-04_[18-55-03].txt,e8f9569ee7758f8143096b348f8fb43385fecc0c365ca381ca715f4787133bdd,Maverick,Matrice30,1581F5BK7241J00B,4BUPM9JDA4200Q,2026-01-05T02:55:03.759+00:00,629.2,5.3,221.0,22.8,Android,14.3.0,0,no
DJIFlightRecord_2026-01-09_[14-02-19].txt,aca8d0525f27d8e51db8ed10541f843d56e6ebe658aeef2194564cbc1fa0536d,Matrice 4TD,Unknown(178),1581F8HGX255P00A,87UPN9CCA00140,2026-01-09T04:02:19.128+00:00,1196.9,8.8,206.0,16.4,Android,103.0.112,0,no
DJIFlightRecord_2026-01-10_[12-47-30].txt,445a66b53d3e09ad70410bb783ed9ae25863058c2463003c276b8ebe4c5c283c,Matrice 4TD,Unknown(178),1581F8HGX255P00A,87UPN9CCA00140,2026-01-10T02:47:30.787+00:00,1609.3,9.5,260.0,16.4,Android,103.0.112,8,no
DJIFlightRecord_2026-01-10_[15-46-17].txt,507a2d1166193fff5893ee04d2eaba9c708ef0ea8f2cef71211c04485c5e9462,Matrice 4TD,Unknown(178),1581F8HGX255P00A,87UPN98CA000F5,2026-01-10T05:46:17.928+00:00,18.5,0.0,0.0,0.0,Android,16.1.6,0,no
DJIFlightRecord_2026-01-10_[15-46-40].txt,0e504f256ea9c62573c919e6201ce2e2c02efdd0efb23c46fd64be78f6523779,Matrice 4TD,Unknown(178),1581F8HGX255P00A,87UPN98CA000F5,2026-01-10T05:46:40.772+00:00,1330.9,14.1,305.0,15.7,Android,16.1.6,0,no
DJIFlightRecord_2026-01-11_[07-29-43].txt,6e259f3206de6fe94fe773e960e0c1f2d7223c1b0816b32a63062e0ba1d5cf1a,Matrice 4TD,Unknown(178),1581F8HGX255P00A,87UPN95CA0012X,2026-01-10T21:29:43.225+00:00,1718.6,3.1,183.0,15.1,Android,16.1.6,0,no
DJIFlightRecord_2026-01-12_[15-21-38].txt,1ef5ab92b3e2058ffeeb7ea4fd49f92c111f665295abaf48a97fd2f8fc008258,Matrice 4TD,Unknown(178),1581F8HGX255P00A,87UPN95CA0012X,2026-01-12T05:21:38.376+00:00,1821.2,11.9,305.0,15.4,Android,16.1.6,4,no
DJIFlightRecord_2026-01-13_[16-41-10].txt,089e521283ac3d5d5b6f30b5e703ce78de8f56556f02b39e1b8ee42fa71ee9cc,Matrice 4TD,Unknown(178),1581F8HGX255P00A,87UPN98CA000F5,2026-01-13T06:41:10.316+00:00,1503.9,15.7,456.0,20.9,Android,4.0.0,0,no
DJIFlightRecord_2026-01-13_[17-07-43].txt,a469444a1c6449e009a6c1f480f563d60765d5c90abfe5b17c134f282e1a8330,Matrice 4TD,Unknown(178),1581F8HGX255P00A,87UPN9CCA00140,2026-01-13T07:07:43.017+00:00,1501.9,10.6,275.0,15.1,Android,4.0.0,0,no
DJIFlightRecord_2026-01-14_[15-44-09].txt,77393d0dcba0932a92205b1f570a999cefba8a5dddf8c60232cdcfda69a7254c,Matrice 4TD,Unknown(178),1581F8HGX255P00A,87UPN9CCA00140,2026-01-14T05:44:09.682+00:00,1565.2,7.2,230.0,15.1,Android,18.0.0,0,no
DJIFlightRecord_2026-01-16_[04-15-54].txt,e1b2b5a4e4131759f71a64037debb1b74bbb133645c4e82afbd592ac5ef9d1f9,Matrice 4TD,Unknown(178),1581F8HGX255P00A,87UPN95CA0012X,2026-01-15T18:15:54.842+00:00,616.6,3.3,104.0,15.3,Android,16.1.6,0,no
DJIFlightRecord_2026-01-19_[19-18-22].txt,a4233e8fb60b5811fb335062d36b11ed98b114cc62fdc3e6e0cdaca53e0f62d4,Matrice 4TD,Unknown(178),1581F8HGX255P00A,87UPN95CA0012X,2026-01-19T09:18:22.898+00:00,1214.5,4.8,153.0,15.1,Android,16.1.6,0,no
DJIFlightRecord_2026-01-22_[17-59-10].txt,184ff4bb9c181a9f2cc69e1592eaea0aba66e2f69cdcef8c87152eb75c6476c0,Matrice 4TD,Unknown(178),1581F8HGX255P00A,87UPN9CCA00140,2026-01-22T07:59:10.635+00:00,1042.6,8.5,217.0,15.1,Android,16.1.6,2,no
DJIFlightRecord_2026-01-27_[11-48-05].txt,85c52c4bfd3137d0a4ea79efa4ccdf90689afa7e2c1387797362f1c2cf2367f2,Matrice 4TD,Unknown(178),1581F8HGX255P00A,87UPN95CA0012X,2026-01-27T01:48:05.586+00:00,1099.1,6.9,137.0,15.2,Android,16.1.6,0,no
DJIFlightRecord_2026-01-27_[12-07-41].txt,a64e4d2e824431d26ca2707afc742b04cd2c0c271b358bcddba124f5f9d8579c,Matrice 4TD,Unknown(178),1581F8HGX255P00A,87UPN98CA000F5,2026-01-27T02:07:41.383+00:00,1345.7,0.3,456.0,12.7,Android,16.1.6,5,no
DJIFlightRecord_2026-01-31_[04-12-53].txt,e213a5aff6feef80c3be124fc21dba9047dea3c8520497637d471e5609cfbfbb,Matrice 4TD,Unknown(178),1581F8HGX255P00A,87UPN9CCA00140,2026-01-30T18:12:53.366+00:00,343.9,2.6,110.0,15.3,Android,16.1.6,0,no
DJIFlightRecord_2026-02-01_[10-25-45].txt,225cea3f6dba10b101f8d8b136d421e0f038fa53be45b061f01e185664b98aa8,Matrice 4TD,Unknown(178),1581F8HGX255P00A,87UPN95CA0012X,2026-02-01T00:25:45.250+00:00,1325.5,11.2,445.0,15.2,Android,16.1.6,0,no
DJIFlightRecord_2026-02-02_[17-52-27].txt,9dabcd64743149e6cb979e13e5755a55693a81731be902dc9d14b0bf7e64be6c,Matrice 4TD,Unknown(178),1581F8HGX255P00A,87UPN9CCA00140,2026-02-02T07:52:27.249+00:00,978.1,6.9,199.0,20.7,Android,16.1.8,0,no
DJIFlightRecord_2026-02-03_[12-40-27].txt,515826a0044ba3def9041ea2bd476ed77ca713515b5087c9304c9ba64693ccad,Matrice 4TD,Unknown(178),1581F8HGX255P00A,87UPN9CCA00140,2026-02-03T02:40:27.731+00:00,1026.3,4.3,176.0,15.1,Android,16.1.8,0,no
DJIFlightRecord_2026-02-09_[06-36-00].txt,c6c8bfdcf0efda03eaca3f33cf79f2f332376389c3260b502feeff440ec33927,Matrice 4TD,Unknown(178),1581F8HGX255P00A,87UPN9CCA00140,2026-02-08T20:36:00.218+00:00,1354.4,9.4,188.0,20.5,Android,85.83.0,7,no
DJIFlightRecord_2026-02-09_[10-01-17].txt,c4df9ddc0c0c6ff2230723ca091057352b7f18c86fa4d91d4120e52a00053d7f,Matrice 4TD,Unknown(178),1581F8HGX255P00A,87UPN9CCA00140,2026-02-09T00:01:17.880+00:00,1769.2,7.2,228.0,15.3,Android,58.0.0,18,no
DJIFlightRecord_2026-02-11_[14-17-28].txt,717d1581d3b0d3888a28238f4585e744eab80e1d1bd4c3e9207bf89df04a8404,Matrice 4TD,Unknown(178),1581F8HGX255P00A,87UPN9CCA00140,2026-02-11T04:17:28.929+00:00,1732.0,2.3,152.0,15.1,Android,0.0.0,3,no
DJIFlightRecord_2026-02-11_[17-22-52].txt,e347e5ef6737fa3940149ee4904a9798134e4d189373ac9a08eb84117c319664,Matrice 4TD,Unknown(178),1581F8HGX255P00A,87UPN95CA0012X,2026-02-11T07:22:52.505+00:00,1087.4,6.7,266.0,16.2,Android,16.1.8,2,no
DJIFlightRecord_2026-02-15_[00-05-50].txt,dd033f14a823c588e8b122aed31bf1635e83a639d023a528ded1242b48e8a5f6,Matrice 4TD,Unknown(178),1581F8HGX255P00A,87UPN9CCA00140,2026-02-15T08:05:50.803+00:00,686.8,0.0,168.0,1.6,Android,192.239.208,0,no
DJIFlightRecord_2026-02-15_[17-03-59].txt,b885c570fe00107f9d46230eedd62222668af6079b762b193316ca1f1ca83258,Matrice 4TD,Unknown(178),1581F8HGX255P00A,87UPN98CA000F5,2026-02-16T01:03:59.435+00:00,1394.0,9.6,244.0,15.1,Android,16.1.8,0,no
DJIFlightRecord_2026-02-16_[22-11-46].txt,252b3b311b5069d536bc0ab073981f4578a702424c30c11a603cb664cd0214e2,Matrice 4TD,Unknown(178),1581F8HGX255P00A,87UPN9CCA00140,2026-02-17T06:11:46.904+00:00,1375.3,5.5,327.0,16.3,Android,16.1.8,0,no
DJIFlightRecord_2026-02-17_[19-01-22].txt,55364d4581eff9923ef6d6b008876ee2799c7a40b53ed208847abce571a2ece9,Matrice 4TD,Unknown(178),1581F8HGX255P00A,87UPN98CA000F5,2026-02-18T03:01:22.874+00:00,193.1,1.3,64.0,15.1,Android,16.1.8,0,no
DJIFlightRecord_2026-02-17_[19-04-40].txt,23f5c2a3dd0d90dd1f143597672a511b6f9d12acba516cd63a20a288184764a0,Matrice 4TD,Unknown(178),1581F8HGX255P00A,87UPN98CA000F5,2026-02-18T03:04:40.853+00:00,1582.1,5.7,168.0,15.3,Android,16.1.8,0,no
DJIFlightRecord_2026-02-18_[20-23-09].txt,974073edbbe5e621f5e569801a24fca2826e1f696b7c18c51608e098c1f4dfc7,Matrice 4TD,Unknown(178),1581F8HGX255P00A,87UPN9CCA00140,2026-02-19T04:23:09.958+00:00,292.7,0.4,176.0,13.2,Android,21.0.0,0,no
DJIFlightRecord_2026-02-18_[21-00-46].txt,03ee9dd25533121a58b73e5b0f4f168b6ba1183942ba342577a90fbf783ca5c5,Matrice 4TD,Unknown(178),1581F8HGX255P00A,87UPN95CA0012X,2026-02-19T05:00:46.323+00:00,1642.9,3.4,162.0,15.2,Android,16.1.8,0,no
DJIFlightRecord_2026-02-20_[14-15-26].txt,e7629252ce98bfed296b690107b1e6aa14eda904957456278b4874213c3dc1aa,Matrice 4TD,Unknown(178),1581F8HGX255P00A,87UPN9CCA00140,2026-02-20T22:15:26.748+00:00,856.3,5.7,456.0,15.2,Android,137.0.0,3,no
DJIFlightRecord_2026-02-21_[20-12-43].txt,62793281254ac966b83ed8a7fbd1ca5e694e947e0c2e7820e5fcf91a59444f7b,Matrice 4TD,Unknown(178),1581F8HGX255P00A,87UPN9CCA00140,2026-02-22T04:12:43.312+00:00,561.8,3.9,168.0,16.4,Android,103.0.112,0,no
DJIFlightRecord_2026-02-23_[23-14-11].txt,cadb36a461656895da1d557902e225220a366a033edd320420ef87305753439b,Matrice 4TD,Unknown(178),1581F8HGX255P00A,87UPN9CCA00140,2026-02-24T07:14:11.897+00:00,1600.1,7.1,325.0,15.3,Android,16.1.8,0,no
DJIFlightRecord_2026-02-23_[23-41-39].txt,7f937c1c60bad1a6de4bc046ccbf838c39afc7f3c803e08cdeffb76e803b04d9,Matrice 4TD,Unknown(178),1581F8HGX255P00A,87UPN95CA0012X,2026-02-24T07:41:39.863+00:00,1451.9,7.3,340.0,20.2,Android,16.1.8,0,no
DJIFlightRecord_2026-02-24_[00-06-33].txt,a9cf634835241a9bed2fcbddc67edfd8174796f52bf1affd69c444261abe0239,Matrice 4TD,Unknown(178),1581F8HGX255P00A,87UPN98CA000F5,2026-02-24T08:06:33.673+00:00,1593.1,10.2,383.0,16.1,Android,16.1.8,0,no
DJIFlightRecord_2026-02-24_[19-36-54].txt,e823655186fd7ab6fe249418ea443c78643344b24e0c003e1dfd87bd54a509a8,Matrice 4TD,Unknown(178),1581F8HGX255P00A,87UPN95CA0012X,2026-02-25T03:36:54.028+00:00,1929.3,3.9,144.0,15.1,Android,103.0.112,0,no
DJIFlightRecord_2026-02-28_[18-35-34].txt,417b8927fd6bd3cf8daf570080e6a4e54ed14601c63022bd6e09ba63832d5c0e,Matrice 4TD,Unknown(178),1581F8HGX255P00A,87UPN95CA0012X,2026-03-01T02:35:34.593+00:00,1046.8,2.2,152.0,15.1,Android,16.1.8,0,no
DJIFlightRecord_2026-02-28_[18-55-13].txt,5d0885ef03abda1a278a11dcc072ca8778e6a734974e4b78503284d9167b1476,Matrice 4TD,Unknown(178),1581F8HGX255P00A,87UPN98CA000F5,2026-03-01T02:55:13.725+00:00,1746.0,9.6,246.0,15.1,Android,16.1.8,14,no
DJIFlightRecord_2026-02-28_[20-31-15].txt,0242d40921466cba883661f16a8577867c97fa339f9c7bec4dfa07215e503590,Maverick,Matrice30,1581F5BK7241J00B,4BUPM58DA4203U,2026-03-01T04:31:15.264+00:00,819.1,9.1,347.0,17.2,Android,4.0.0,0,no
DJIFlightRecord_2026-03-06_[23-29-14].txt,54e471a7f492cec5f51cf15ad1cc303c60dd83c92a21c24522c0db14e89b34c8,Matrice 4TD,Unknown(178),1581F8HGX255P00A,87UPN95CA0012X,2026-03-07T07:29:14.668+00:00,1412.2,9.3,153.0,15.1,Android,4.0.0,0,no
DJIFlightRecord_2026-03-07_[16-01-53].txt,e423f502a91e4637f59fc9ea9154ad7991822016e3e9e35ea380ebf0e9ed2503,Matrice 4TD,Unknown(178),1581F8HGX255P00A,87UPN98CA000F5,2026-03-08T00:01:53.876+00:00,1258.4,13.6,447.0,15.2,Android,103.0.112,0,no
DJIFlightRecord_2026-03-08_[20-35-04].txt,5aa2166040a7a82ec5b9c3d1f08ed6d49a0091c87c08f6a2331393d268897f12,Matrice 4TD,Unknown(178),1581F8HGX255P00A,87UPN95CA0012X,2026-03-09T03:35:04.570+00:00,951.3,2.2,164.0,15.3,Android,12.0.0,0,no
DJIFlightRecord_2026-03-12_[19-15-14].txt,861f01b38459ea90f0b67e37c88519ae884e4c53ec7a947da82a214f2faf93ef,Matrice 4TD,Unknown(178),1581F8HGX255P00A,87UPN98CA000F5,2026-03-13T02:15:14.336+00:00,1243.5,10.1,404.0,15.5,Android,103.0.112,5,no
DJIFlightRecord_2026-03-12_[19-36-37].txt,f9f81a81d8d1206a8c454f169a4b129750b480bc0f5f7b72921983febceb40f9,Matrice 4TD,Unknown(178),1581F8HGX255P00A,87UPN95CA0012X,2026-03-13T02:36:37.390+00:00,821.9,5.1,398.0,15.1,Android,103.0.112,0,no
DJIFlightRecord_2026-03-14_[19-57-36].txt,c2e590f96c646d978b3b5bb92ba3bd432a9864b012f08884ed9401ad68924c02,Matrice 4TD,Unknown(178),1581F8HGX255P00A,87UPN9CCA00140,2026-03-15T02:57:36.494+00:00,1447.8,1.4,235.0,15.0,Android,16.1.8,0,no
DJIFlightRecord_2026-03-14_[20-22-54].txt,cae59284afdbe46479d8dd712d433396fbffed973ecb9bf5bee7f36837706824,Matrice 4TD,Unknown(178),1581F8HGX255P00A,87UPN98CA000F5,2026-03-15T03:22:54.285+00:00,1843.0,1.1,172.0,13.5,Android,16.1.8,0,no
DJIFlightRecord_2026-03-14_[20-56-21].txt,44d9ae77cfd3a18a6ad22c0968c90a4e84ed315801797680d54ac73cd1311a0a,Matrice 4TD,Unknown(178),1581F8HGX255P00A,87UPN95CA0012X,2026-03-15T03:56:21.333+00:00,1829.9,1.5,155.0,14.6,Android,16.1.8,0,no
DJIFlightRecord_2026-03-14_[21-30-31].txt,2a013991d5e4066fd6a70243290f3ef3232945d78cd6ac0b4a43f20cf88fa3ef,Matrice 4TD,Unknown(178),1581F8HGX255P00A,87UPN9CCA00140,2026-03-15T04:30:31.694+00:00,1948.8,3.2,180.0,15.1,Android,16.1.8,0,no
DJIFlightRecord_2026-03-14_[22-07-52].txt,3e22b273e870f858b54adbb5f0a650e2c22fd3f30a17afde418b8c112bdc4381,Matrice 4TD,Unknown(178),1581F8HGX255P00A,87UPN98CA000F5,2026-03-15T05:07:52.416+00:00,1960.2,2.5,188.0,15.2,Android,16.1.8,0,no
DJIFlightRecord_2026-03-14_[22-51-03].txt,d294d568274a461ca51f062c13c82d0a566787b41b82f87e3de246262ff8c09b,Matrice 4TD,Unknown(178),1581F8HGX255P00A,87UPN95CA0012X,2026-03-15T05:51:03.413+00:00,1420.4,1.9,194.0,13.3,Android,16.1.8,0,no
DJIFlightRecord_2026-03-15_[23-38-10].txt,533cffb5410f95df45274c8baa2b031ae894833e15589d5ffceac54d7169df3d,Matrice 4TD,Unknown(178),1581F8HGX255P00A,87UPN9CCA00140,2026-03-16T06:38:10.894+00:00,1355.8,9.7,456.0,15.3,Android,16.1.8,17,no
DJIFlightRecord_2026-03-17_[00-51-22].txt,f52e7aadc4fca378d60b7f56e498c66d80dd78bbd7304d1e3970bbfdd1c94fb9,Matrice 4TD,Unknown(178),1581F8HGX255P00A,87UPN95CA0012X,2026-03-17T07:51:22.658+00:00,1729.8,4.9,152.0,15.2,Android,4.0.0,13,no
FlightRecord_2025-05-28_[20-15-56].txt,abaf4032c750a932fb26b6dd97cf0b04b1a9471ea0242f93f14e044f7021dde3,Badass V.2,Mavic3Pro,1581F67QC23CN014,4ERKL656G312D5,2025-05-29T03:15:56.115+00:00,521.4,3.8,284.0,15.4,DJIFly,1.17.1,0,no
FlightRecord_2025-06-14_[14-43-43].txt,61b4fc936682bbcd0028a0ec158bbc804123834d8147fb452c30bc97f660f7b3,Badass V.2,Mavic3Pro,1581F67QC23CN014,4ERPKATEA13A0Y,2025-06-14T21:43:43.629+00:00,357.2,2.0,149.0,15.1,DJIFly,1.17.1,0,no
FlightRecord_2025-06-14_[20-51-14].txt,06dff26a3bf5e9619bf14078f013f50098e3ed04b4cfed768f355ae6848a7595,Badass V.2,Mavic3Pro,1581F67QC23CN014,4ERPKATEA13A0Y,2025-06-15T03:51:14.159+00:00,794.3,5.9,240.0,21.4,DJIFly,1.17.1,0,no
FlightRecord_2025-06-22_[19-54-58].txt,619a4da109f384bb8950c05400e8da5e011c2ac3336ce3e0e52df25bfbc47f87,Badass V.2,Mavic3Pro,1581F67QC23CN014,4ERKL656G312D5,2025-06-23T02:54:58.888+00:00,781.9,6.8,306.0,21.5,DJIFly,1.17.1,0,no
FlightRecord_2025-06-22_[20-08-02].txt,88a165760584f7221f3f1695a82117266bb1ebf4e440e9519e6602f77beab0b2,Badass V.2,Mavic3Pro,1581F67QC23CN014,4ERKL656G312D5,2025-06-23T03:08:02.330+00:00,61.2,0.1,3.0,7.7,DJIFly,1.17.1,0,no
FlightRecord_2025-06-25_[07-40-44].txt,9616083a73fef64c7216e47a1f817fabc659056e9102668a442178fa28332a37,Badass V.2,Mavic3Pro,1581F67QC23CN014,4ERKL536G31L85,2025-06-25T14:40:44.400+00:00,1272.5,1.1,48.0,14.2,DJIFly,1.17.1,0,no
FlightRecord_2025-07-03_[21-21-17].txt,d1c497b661f52b2932785bf3d7d800ac40ecfe5f2754076e55708f7e0126aadc,Badass V.2,Mavic3Pro,1581F67QC23CN014,4ERKL656G30QN5,2025-07-04T04:21:17.280+00:00,432.8,0.8,499.0,14.9,DJIFly,1.17.1,0,no
FlightRecord_2025-07-04_[21-50-03].txt,be1cf5429dcb3750f76982d19bdc95a6c3a88eab4e5c9eba8ca943a4f1c1e322,Badass V.2,Mavic3Pro,1581F67QC23CN014,4ERKL536G31L85,2025-07-05T04:50:03.580+00:00,888.4,0.5,90.0,14.8,DJIFly,1.17.1,0,no
FlightRecord_2025-07-12_[20-56-45].txt,7b947424562eec83d4afa0775da1c59eac8d0e68e331f448b125915fae60c731,Badass V.2,Mavic3Pro,1581F67QC23CN014,4ERKL656G30QN5,2025-07-13T03:56:45.325+00:00,1815.3,3.3,205.0,15.1,DJIFly,1.17.1,0,no
FlightRecord_2025-07-23_[10-55-26].txt,8a821795bca4866654076c0e1399401c5b563da99e12d2316e73536157617fd0,Badass V.2,Mavic3Pro,1581F67QC23CN014,4ERKL656G30QN5,2025-07-23T17:55:26.692+00:00,593.3,1.2,93.0,13.0,DJIFly,1.17.1,0,no
FlightRecord_2025-07-31_[17-11-24].txt,02927ebc8585e5c785eb4e945d6ccbcb2bca3cdf4dbf1c76aca68a546feedc18,Badass V.2,Mavic3Pro,1581F67QC23CN014,4ERPKATEA13A0Y,2025-08-01T00:11:24.670+00:00,838.8,7.4,223.0,15.1,DJIFly,1.17.4,0,no
FlightRecord_2025-08-08_[21-40-01].txt,0fc9106ccfe1d1f1b3ad29119fca0eb578d4b1ad64cb92078dd5b23d7d8418a8,Badass V.2,Mavic3Pro,1581F67QC23CN014,4ERKL656G30QN5,2025-08-09T04:40:01.338+00:00,759.5,2.1,499.0,21.3,DJIFly,1.17.4,0,no
FlightRecord_2025-08-10_[13-54-52].txt,b6076b02c0c27510da9e372aba943ae85f8132116cc92b278949ea7b2f372f88,Badass V.2,Mavic3Pro,1581F67QC23CN014,4ERKL656G312D5,2025-08-10T20:54:52.226+00:00,745.1,8.9,35.0,21.7,DJIFly,1.17.4,0,no
FlightRecord_2025-08-11_[19-52-37].txt,bae35ff5dd3ba46be4eef83518a6df52980b0d418099e4299e70949df6feaf51,Badass V.2,Mavic3Pro,1581F67QC23CN014,4ERPKATEA13A0Y,2025-08-12T02:52:37.596+00:00,1427.8,5.3,77.0,15.1,DJIFly,1.17.4,0,no
FlightRecord_2025-08-11_[20-54-00].txt,013da3e2cb479fb0fb1b432094156e8fbed305c360a40b10f40e04133cb42d5d,Badass V.2,Mavic3Pro,1581F67QC23CN014,4ERKL656G30QN5,2025-08-12T03:54:00.065+00:00,352.2,1.3,160.0,15.1,DJIFly,1.17.4,0,no
FlightRecord_2025-08-18_[18-48-45].txt,6e0a1528f5b98592a6c2839ef55869de93578f82bde3d5c90521d05ffa3fd551,Badass V.2,Mavic3Pro,1581F67QC23CN014,4ERKL656G30QN5,2025-08-19T01:48:45.527+00:00,792.8,2.3,107.0,14.6,DJIFly,1.17.4,0,no
FlightRecord_2025-08-29_[20-47-22].txt,4577d3ee3ea2ff26bc402adb756e1b86e963b91b5f616d451134edfb32fe9c27,Badass V.2,Mavic3Pro,1581F67QC23CN014,4ERKL656G312D5,2025-08-30T03:47:22.055+00:00,1682.9,1.4,82.0,15.1,DJIFly,1.17.4,0,no
FlightRecord_2025-08-29_[21-16-10].txt,f363a5dc0662a9586ecebb10a1fe91ddc88d8a4f79bf4541a828789aec93a1d5,Badass V.2,Mavic3Pro,1581F67QC23CN014,4ERKL536G31L85,2025-08-30T04:16:10.828+00:00,896.0,0.9,77.0,14.8,DJIFly,1.17.4,0,no
FlightRecord_2025-08-31_[09-50-07].txt,c413302ec7e4b8279522193193232fb1a74f5159962bb37f3168eeca1420aac0,Badass V.2,Mavic3Pro,1581F67QC23CN014,4ERKL656G30QN5,2025-08-31T16:50:07.947+00:00,1492.8,1.3,83.0,15.0,DJIFly,1.17.4,0,no
FlightRecord_2025-08-31_[10-15-44].txt,61566c3e25ee161d7fa46b72179279d2fff17ce2fc41d12c492ca79b1b639b85,Badass V.2,Mavic3Pro,1581F67QC23CN014,4ERKL656G312D5,2025-08-31T17:15:44.867+00:00,182.3,0.9,101.0,15.1,DJIFly,1.17.4,0,no
FlightRecord_2025-08-31_[10-23-46].txt,287d24697ccfda902128fd5c4c9b875cb1052d18e54c217195f94b77761c2102,Badass V.2,Mavic3Pro,1581F67QC23CN014,4ERKL656G312D5,2025-08-31T17:23:46.736+00:00,722.6,2.5,121.0,14.8,DJIFly,1.17.4,0,no
FlightRecord_2025-08-31_[10-37-33].txt,cc2c69286df0eb7c1d36aa216c476403abd66a2611639ef7e53fc904afe67663,Badass V.2,Mavic3Pro,1581F67QC23CN014,4ERKL536G31L85,2025-08-31T17:37:33.882+00:00,1803.7,0.2,39.0,8.3,DJIFly,1.17.4,0,no
FlightRecord_2025-08-31_[11-08-15].txt,5980dde0e19bf5c750a3bbec1973c17f18a6d5b5a0071c2bdfd40251bf6a3a6f,Badass V.2,Mavic3Pro,1581F67QC23CN014,4ERPKATEA13A0Y,2025-08-31T18:08:15.241+00:00,1671.1,0.1,14.0,2.4,DJIFly,1.17.4,0,no
FlightRecord_2025-08-31_[11-36-41].txt,101a517fd09555bbcb7a56f5ac8c92e38eb18cbf7c32aef44159db18ae39da38,Badass V.2,Mavic3Pro,1581F67QC23CN014,4ERKL656G312D5,2025-08-31T18:36:41.769+00:00,221.0,0.0,13.0,0.2,DJIFly,1.17.4,0,no
FlightRecord_2025-09-01_[14-35-51].txt,f23bdebd066f0753271b3da1c7bd13a8cb160ce777b4c4286315e19661b3f4da,Badass V.2,Mavic3Pro,1581F67QC23CN014,4ERKL656G30QN5,2025-09-01T21:35:51.853+00:00,1399.9,0.7,5.0,5.6,DJIFly,1.17.4,0,no
FlightRecord_2025-09-01_[15-01-47].txt,d466ef4e75f22179f3ce880218027d730be7ec41835613d45d87aec063bac5b8,Badass V.2,Mavic3Pro,1581F67QC23CN014,4ERKL656G30QN5,2025-09-01T22:01:47.406+00:00,213.5,0.0,4.0,3.0,DJIFly,1.17.4,0,no
FlightRecord_2025-09-28_[15-32-40].txt,ac645eb7d293a5897ca7c5142818159b13beaf2f2156a40ab6d7cb5482bebc28,Badass V.2,Mavic3Pro,1581F67QC23CN014,4ERKL656G312D5,2025-09-28T22:32:40.601+00:00,1985.1,1.6,117.0,14.6,DJIFly,1.17.4,0,no
FlightRecord_2025-09-28_[16-06-35].txt,65eb433926217178297bde409fe459cc23070a9f1d0287bc279e92cd03c2e7b5,Badass V.2,Mavic3Pro,1581F67QC23CN014,4ERKL656G30QN5,2025-09-28T23:06:35.183+00:00,2.5,1.6,0.0,0.0,DJIFly,1.17.4,0,no
FlightRecord_2025-09-28_[16-06-45].txt,acf53f78ca5fd35cbff504927cba10a0c03fe519bb0a55d901ae50f230d9d4a5,Badass V.2,Mavic3Pro,1581F67QC23CN014,4ERKL656G30QN5,2025-09-28T23:06:45.023+00:00,995.6,1.0,105.0,15.0,DJIFly,1.17.4,0,no
FlightRecord_2025-09-30_[17-41-11].txt,475d9860177af3e1086b9d85ac4ff7424105ca47cb5db4527af926688a26bdf2,BigThingsSmallPackages,Unknown(139),1581F9DEC257N029,9G8PN6JCA004HL,2025-10-01T00:41:11.198+00:00,12.2,0.0,0.0,0.0,DJIFly,1.18.2,0,no
FlightRecord_2025-10-01_[18-03-42].txt,86c4b6e2f888a315294f1b5284b5994ce281a101a123f786b689b8c8c9a31e9d,BigThingsSmallPackages,Unknown(139),1581F9DEC257N029,9G8PN6JCA001K9,2025-10-02T01:03:42.503+00:00,481.3,2.3,80.0,15.3,DJIFly,1.18.2,0,no
FlightRecord_2025-10-02_[10-48-20].txt,93149595f177864010fbc51d7e50badd3939180984b108c26ded02fdbb1fcb1b,BigThingsSmallPackages,Unknown(139),1581F9DEC257N029,9G8PN6ECA001K8,2025-10-02T17:48:20.154+00:00,9.4,0.0,0.0,0.0,DJIFly,1.18.2,0,no
FlightRecord_2025-10-02_[18-51-31].txt,826ab62063dc29f8eb1f5ee5899736c946e3819fa3610ac54eb2259249dabbcf,BigThingsSmallPackages,Unknown(139),1581F9DEC257N029,9G8PN6JCA001K9,2025-10-03T01:51:31.583+00:00,327.5,2.3,82.0,16.8,DJIFly,1.18.2,0,no
FlightRecord_2025-10-04_[17-41-05].txt,408e387067946697ea0909d616f18adf8d6b579056c1997f16aac4e79b9d22e7,BigThingsSmallPackages,Unknown(139),1581F9DEC257N029,9G8PN6JCA004HL,2025-10-05T00:41:05.015+00:00,615.2,4.6,124.0,15.3,DJIFly,1.18.2,0,no
FlightRecord_2025-10-11_[22-06-40].txt,18d30691c7ec9a490fb9c35abd30f87a192da683f769b17f6b9b3a814b51da4b,BigThingsSmallPackages,Unknown(139),1581F9DEC257N029,9G8PN6ECA001K8,2025-10-12T05:06:40.077+00:00,1393.9,4.2,176.0,15.2,DJIFly,1.18.2,0,no
FlightRecord_2025-10-11_[22-32-16].txt,c901e375b6dc68e15ed51f9eee993fe68ee3279eb2687dd36e4f130683ed20d6,BigThingsSmallPackages,Unknown(139),1581F9DEC257N029,9G8PN6ECA001K8,2025-10-12T05:32:16.547+00:00,4.4,4.2,0.0,0.0,DJIFly,1.18.2,0,no
FlightRecord_2025-10-15_[14-40-52].txt,07ccb85bbe5c9fef7befb864a7f234969fbc545227972ca8cb78cb1984c0a62c,BigThingsSmallPackages,Unknown(139),1581F9DEC257N029,9G8PN6JCA001K9,2025-10-15T21:40:52.024+00:00,712.1,5.1,146.0,16.1,DJIFly,1.18.2,0,no
FlightRecord_2025-10-19_[18-09-50].txt,feb388fe88bcbea4cbe7f641706c277ff2bcdaf9da7b897132a6c283f1f7dc5b,Badass V.2,Mavic3Pro,1581F67QC23CN014,4ERPKATEA13A0Y,2025-10-20T01:09:50.193+00:00,1095.3,1.2,44.0,6.1,DJIFly,1.17.4,0,no
FlightRecord_2025-10-20_[18-52-03].txt,ba831f899a0aff3867a30d5647ab8a06e3d947cbce232d03f1bcabccbcd91dea,Badass V.2,Mavic3Pro,1581F67QC23CN014,4ERKL656G30QN5,2025-10-21T01:52:03.429+00:00,705.0,1.1,455.0,15.8,DJIFly,1.18.2,0,no
FlightRecord_2025-10-23_[16-21-33].txt,863851cbde5a9c3f7cf837a9b1eec535df2cab0df542bc3f975da24b72bd82bd,Badass V.2,Mavic3Pro,1581F67QC23CN014,4ERKL656G312D5,2025-10-23T23:21:33.367+00:00,620.8,4.5,133.0,15.7,DJIFly,1.18.2,0,no
FlightRecord_2025-10-24_[20-39-37].txt,ec94350bd34d7667cd7e73b449a6a21233a04a99514a5d27283290280f35b689,Badass V.2,Mavic3Pro,1581F67QC23CN014,4ERKL536G31L85,2025-10-25T03:39:37.528+00:00,738.7,4.9,159.0,21.8,DJIFly,1.18.2,0,no
FlightRecord_2025-10-27_[10-33-28].txt,b0249315e55668e3ed4271a8bc2bf4bfea7dbe1203c1ea76d37e3ec5ae03211f,BigThingsSmallPackages,Unknown(139),1581F9DEC257N029,9G8PN6JCA001K9,2025-10-27T17:33:28.068+00:00,373.2,0.9,91.0,15.7,DJIFly,1.18.2,0,no
FlightRecord_2025-10-27_[11-50-08].txt,692063f74c3fc18e75279ede0959e79f4eb90b7ef91378c0ac796781b4883909,BigThingsSmallPackages,Unknown(139),1581F9DEC257N029,9G8PN6JCA004HL,2025-10-27T18:50:08.756+00:00,1352.6,0.8,65.0,13.1,DJIFly,1.18.2,0,no
FlightRecord_2025-10-28_[23-05-45].txt,ce5fc4c2dca231173262e6b688b4be1d9578afef044e277e0ca1f3b0fd337c71,BigThingsSmallPackages,Unknown(139),1581F9DEC257N029,9G8PN6JCA001K9,2025-10-29T06:05:45.075+00:00,812.2,1.1,90.0,14.9,DJIFly,1.18.2,0,no
FlightRecord_2025-11-05_[13-35-20].txt,6a1ea181ac6246cb01183757ef790d909912fb3a17cfadd1c6494e56128057d3,BigThingsSmallPackages,Unknown(139),1581F9DEC257N029,9G8PN6JCA001K9,2025-11-05T21:35:20.227+00:00,5.3,0.0,0.0,0.0,DJIFly,1.18.2,0,no
FlightRecord_2025-11-05_[13-36-23].txt,ca69400f2bab9d3658f403453e89fdc284942192fbb438eb0f4df5126bfffeb5,BigThingsSmallPackages,Unknown(139),1581F9DEC257N029,9G8PN6JCA001K9,2025-11-05T21:36:23.189+00:00,1373.3,6.0,99.0,15.1,DJIFly,1.18.2,0,no
FlightRecord_2025-11-05_[14-00-12].txt,d375cc3abea4f4a98cf1b4ae0f868a141c521f284b0bab8656ed5bdef2d15526,BigThingsSmallPackages,Unknown(139),1581F9DEC257N029,9G8PN6JCA004HL,2025-11-05T22:00:12.286+00:00,50.5,0.0,1.0,1.6,DJIFly,1.18.2,0,no
FlightRecord_2025-11-05_[14-02-05].txt,8dbfce3112ec5c33791d15b2d52127bceb1c342d48507c7f4d09a9e7bb6e30f4,BigThingsSmallPackages,Unknown(139),1581F9DEC257N029,9G8PN6JCA004HL,2025-11-05T22:02:05.759+00:00,221.9,0.8,95.0,15.1,DJIFly,1.18.2,0,no
FlightRecord_2025-11-08_[20-03-32].txt,c5ab3328932c7fe1e8c1e30c6e60248d1f0ea84e363e114a2685171d149f8027,BigThingsSmallPackages,Unknown(139),1581F9DEC257N029,9G8PN6ECA001K8,2025-11-09T04:03:32.901+00:00,1333.8,0.2,51.0,10.3,DJIFly,1.19.0,0,no
FlightRecord_2025-11-12_[17-49-45].txt,20036303946a9ece33f72abec59375c9a386ac6b889defc9d462ca3e9db55f20,BigThingsSmallPackages,Unknown(139),1581F9DEC257N029,9G8PN6JCA004HL,2025-11-13T01:49:45.366+00:00,2030.5,1.3,282.0,14.9,DJIFly,1.19.0,0,no
FlightRecord_2025-11-18_[19-46-05].txt,2e677a322158af7a6570264e73683da31709640962982d8afe93cab08d373f70,BigThingsSmallPackages,Unknown(139),1581F9DEC257N029,9G8PN6JCA004HL,2025-11-19T03:46:05.222+00:00,37.5,0.0,1.0,2.3,DJIFly,1.19.0,0,no
FlightRecord_2025-11-18_[19-48-59].txt,696306341b8cc9b970c36867107f986343ad540307eace05fa969bc33c49d131,BigThingsSmallPackages,Unknown(139),1581F9DEC257N029,9G8PN6JCA004HL,2025-11-19T03:48:59.126+00:00,723.2,3.8,107.0,15.4,DJIFly,1.19.0,0,no
FlightRecord_2025-11-18_[20-01-06].txt,3c3ee620365ecb86d4c16c8afdcbfcfb3570deb7874103d63fdab99a996dd5e1,BigThingsSmallPackages,Unknown(139),1581F9DEC257N029,9G8PN6JCA004HL,2025-11-19T04:01:06.484+00:00,96.5,0.0,1.0,2.1,DJIFly,1.19.0,0,no
FlightRecord_2025-11-23_[15-07-55].txt,88e37aaebadc47437019c1dfb11ff557d300c8f5510fb5a7dbd19a3ec54d3ed5,BigThingsSmallPackages,Unknown(139),1581F9DEC257N029,9G8PN6ECA001K8,2025-11-23T23:07:55.486+00:00,2.5,0.0,0.0,0.0,DJIFly,1.19.0,0,no
FlightRecord_2025-11-23_[15-08-32].txt,a691468de0addef8ca31df455b424ed13eac62fa7bff92b77b52902a672bb192,BigThingsSmallPackages,Unknown(139),1581F9DEC257N029,9G8PN6ECA001K8,2025-11-23T23:08:32.053+00:00,1780.5,11.9,190.0,15.4,DJIFly,1.19.0,0,no
FlightRecord_2025-11-23_[17-48-17].txt,6e091e8dc21561188593b7a6f09ee7728f501265629f32690b02fb3a877c56f3,BigThingsSmallPackages,Unknown(139),1581F9DEC257N029,9G8PN6JCA001K9,2025-11-24T01:48:17.658+00:00,20.6,0.0,0.0,0.0,DJIFly,1.19.0,0,no
FlightRecord_2025-11-23_[17-49-12].txt,2efeea5f92268d4ef2dc5b62eaa97c969c1bc5f92fb40faba1fa5df6bc771438,BigThingsSmallPackages,Unknown(139),1581F9DEC257N029,9G8PN6JCA001K9,2025-11-24T01:49:12.348+00:00,20.7,0.0,0.0,0.0,DJIFly,1.19.0,0,no
FlightRecord_2025-11-23_[17-50-15].txt,e39467cf9a533b437c62ffb33dc229892e7f3c56d4399b4fe134cff8ba1e6821,BigThingsSmallPackages,Unknown(139),1581F9DEC257N029,9G8PN6JCA001K9,2025-11-24T01:50:15.167+00:00,1837.9,9.8,139.0,15.2,DJIFly,1.19.0,0,no
FlightRecord_2025-11-23_[19-40-07].txt,6cc384dda94890c7df113b65d3db5139ad80e791ea496bee1ec05062c182a09b,BigThingsSmallPackages,Unknown(139),1581F9DEC257N029,9G8PN6JCA004HL,2025-11-24T03:40:07.326+00:00,632.3,1.6,55.0,15.2,DJIFly,1.19.0,0,no
FlightRecord_2025-11-25_[19-30-00].txt,6699c61a2f3b744068f21b675d274ae6c03c609613ac30d9ae6fba1dd06a5c48,BigThingsSmallPackages,Unknown(139),1581F9DEC257N029,9G8PN6JCA001K9,2025-11-26T03:30:00.310+00:00,1963.5,2.6,228.0,15.1,DJIFly,1.19.0,0,no
FlightRecord_2025-11-27_[19-15-44].txt,74f22b377b68aefc4063920285005bdc7f1dec2fe6e4967ea1b0eaa223476c88,BigThingsSmallPackages,Unknown(139),1581F9DEC257N029,9G8PN6JCA004HL,2025-11-28T03:15:44.971+00:00,4.8,0.0,0.0,0.0,DJIFly,1.19.0,0,no
FlightRecord_2025-11-27_[19-16-11].txt,9165b173ecd8b5a5b7ceb361b62947764a5549bb22f40133f2e5b7e145afe64c,BigThingsSmallPackages,Unknown(139),1581F9DEC257N029,9G8PN6JCA004HL,2025-11-28T03:16:11.736+00:00,754.9,4.4,125.0,15.6,DJIFly,1.19.0,0,no
FlightRecord_2025-11-27_[19-38-29].txt,01b78eb8238eebe093ac64cf8edc10acc2e1bb051349ffda8d57b86b7fe83738,BigThingsSmallPackages,Unknown(139),1581F9DEC257N029,9G8PN6ECA001K8,2025-11-28T03:38:29.231+00:00,980.1,1.8,130.0,11.4,DJIFly,1.19.0,0,no
FlightRecord_2025-12-06_[13-11-36].txt,0ebf8a21a0e0b5335301241a66960265334fe77c4711e4dcf6e22fb6acbd6887,Badass V.2,Mavic3Pro,1581F67QC23CN014,4ERKL656G30QN5,2025-12-06T21:11:36.427+00:00,2.6,0.0,0.0,0.1,DJIFly,1.18.2,0,no
FlightRecord_2025-12-06_[13-11-43].txt,8770054e1187501f285401dc1a6075d194a01761a29c6b62193b1439febb6a3a,Badass V.2,Mavic3Pro,1581F67QC23CN014,4ERKL656G30QN5,2025-12-06T21:11:43.808+00:00,1286.8,0.2,26.0,9.4,DJIFly,1.18.2,0,no
FlightRecord_2025-12-06_[13-14-06].txt,061a2ebd3e89ed426f5634265eb2037bbb016f021576c8de0f6649f0d08d31ed,BigThingsSmallPackages,Unknown(139),1581F9DEC257N029,9G8PN6JCA004HL,2025-12-06T21:14:06.273+00:00,2033.9,1.5,39.0,14.2,DJIFly,1.19.0,0,no
FlightRecord_2025-12-06_[13-35-43].txt,1fec138137768ce1a6fb0816d7ead8d086970fba6a400205bd16e431f129e44c,Badass V.2,Mavic3Pro,1581F67QC23CN014,4ERKL656G30QN5,2025-12-06T21:35:43.205+00:00,558.3,2.8,68.0,15.1,DJIFly,1.18.2,0,no
FlightRecord_2025-12-06_[13-46-10].txt,1c14781eada4b892a7bd3328b820dcbce3b319f42bfdeaebc842743e9a3c632a,Badass V.2,Mavic3Pro,1581F67QC23CN014,4ERKL536G31L85,2025-12-06T21:46:10.693+00:00,634.8,0.2,15.0,11.8,DJIFly,1.18.2,0,no
FlightRecord_2025-12-06_[13-50-04].txt,0a8093b7834da321ac9c2d2339c88727ce1cdc8cc1ba993132dbdef99a4a8d49,BigThingsSmallPackages,Unknown(139),1581F9DEC257N029,9G8PN6ECA001K8,2025-12-06T21:50:04.610+00:00,567.0,0.3,23.0,13.7,DJIFly,1.19.0,0,no
FlightRecord_2025-12-06_[14-15-58].txt,b5bd9e7fb473f3f8a5fd4f87951c2566033c35a5f4e0389f1b5d5c2c1d0e0ab8,Badass V.2,Mavic3Pro,1581F67QC23CN014,4ERKL536G31L85,2025-12-06T22:15:58.837+00:00,284.8,1.4,72.0,15.1,DJIFly,1.18.2,0,no
FlightRecord_2025-12-11_[07-51-16].txt,844172f8734bbc3ee6e6ad221579efb89e075a21071b7f110525c22868cb44ef,BigThingsSmallPackages,Unknown(139),1581F9DEC257N029,9G8PN6JCA001K9,2025-12-11T15:51:16.266+00:00,362.5,0.3,43.0,10.4,DJIFly,1.19.0,0,no
FlightRecord_2025-12-11_[08-50-08].txt,b603dcf2245494ff35efd2836a92326d171b3c2484b0521d9fdbcc0ebbc6223b,BigThingsSmallPackages,Unknown(139),1581F9DEC257N029,9G8PN6JCA001K9,2025-12-11T16:50:08.253+00:00,187.6,0.3,16.0,9.2,DJIFly,1.19.0,0,no
FlightRecord_2025-12-11_[09-53-06].txt,fdf6f9c3e7bc2f551b83af46245908a4cc81aea0ace95141cc7a31641ca4fe2d,BigThingsSmallPackages,Unknown(139),1581F9DEC257N029,9G8PN6JCA001K9,2025-12-11T17:53:06.888+00:00,107.0,0.1,10.0,6.8,DJIFly,1.19.0,0,no
FlightRecord_2025-12-11_[10-21-43].txt,5874afb213ec71e4d22dabec89b5d9db60861ef24b246d72c3c4c7ae047a92e0,BigThingsSmallPackages,Unknown(139),1581F9DEC257N029,9G8PN6JCA001K9,2025-12-11T18:21:43.525+00:00,70.7,0.1,7.0,5.4,DJIFly,1.19.0,0,no
FlightRecord_2025-12-11_[10-22-55].txt,497b8d8d52a369c40942123edf068fa550b4157d7bdc2e0270ac4c05b3ceadc1,BigThingsSmallPackages,Unknown(139),1581F9DEC257N029,9G8PN6JCA001K9,2025-12-11T18:22:55.191+00:00,55.6,0.1,1.0,3.9,DJIFly,1.19.0,0,no
FlightRecord_2025-12-11_[11-45-09].txt,e20a8f7843efd8ad8730947d9b3d00ed52cbfdfb2cae202bec5e190a51b078a7,BigThingsSmallPackages,Unknown(139),1581F9DEC257N029,9G8PN6JCA001K9,2025-12-11T19:45:09.903+00:00,158.4,0.3,20.0,9.1,DJIFly,1.19.0,0,no
FlightRecord_2025-12-11_[13-06-38].txt,8f8ce22341976db42024a599c81b591683874642b61ec2a61661a84280e18695,BigThingsSmallPackages,Unknown(139),1581F9DEC257N029,9G8PN6ECA001K8,2025-12-11T21:06:38.961+00:00,1545.0,0.5,14.0,9.2,DJIFly,1.19.0,0,no
FlightRecord_2025-12-11_[14-18-43].txt,5d412d5cf7174b1f822e09d1e62ee5b8753ea142884bf0aa8ea355670fd480e9,BigThingsSmallPackages,Unknown(139),1581F9DEC257N029,9G8PN6ECA001K8,2025-12-11T22:18:43.271+00:00,233.6,0.6,32.0,7.7,DJIFly,1.19.0,0,no
FlightRecord_2025-12-11_[16-47-26].txt,dc04d01afaba85c30b2b245e37f6ef5554e3fcf21f658b067570cc1fd11c2751,BigThingsSmallPackages,Unknown(139),1581F9DEC257N029,9G8PN6JCA004HL,2025-12-12T00:47:26.585+00:00,204.3,0.4,21.0,10.0,DJIFly,1.19.0,0,no
FlightRecord_2025-12-16_[13-13-39].txt,5562efc829ad4e36782e4f4fbc0d453962c12bb0dae5e6dba579620373fc8dfe,BigThingsSmallPackages,Unknown(139),1581F9DEC257N029,9G8PN6ECA001K8,2025-12-16T21:13:39.458+00:00,892.4,2.4,67.0,14.8,DJIFly,1.19.4,0,no
FlightRecord_2025-12-29_[18-15-36].txt,e7ffa0ee1944365505ac5ef832f6f33606f0f3a2f0786c842c1ed8f9901e3c5d,BigThingsSmallPackages,Unknown(139),1581F9DEC257N029,9G8PN6ECA001K8,2025-12-30T02:15:36.745+00:00,1011.7,1.1,87.0,14.9,DJIFly,1.19.4,0,no
FlightRecord_2026-02-11_[23-29-56].txt,a5b67eb5a68aba211017057e35e9569b49849515714c85b7315f4f81bc956134,BigThingsSmallPackages,Unknown(139),1581F9DEC257N029,9G8PN6JCA004HL,2026-02-12T07:29:56.788+00:00,643.6,3.0,306.0,14.8,DJIFly,1.19.4,0,no
FlightRecord_2026-03-04_[16-18-42].txt,7335a72b6697b2b623eaacb02107e94872667e095e285ff39ac9cecac913960d,BigThingsSmallPackages,Unknown(139),1581F9DEC257N029,9G8PN6JCA004HL,2026-03-05T00:18:42.183+00:00,806.6,5.8,141.0,15.6,DJIFly,1.19.5,0,no
FlightRecord_2026-03-08_[16-36-59].txt,0fd4a5705c0d0e239cce6d58b1f544823e3b824cb60b2162e558dc0591719815,BigThingsSmallPackages,Unknown(139),1581F9DEC257N029,9G8PN6ECA001K8,2026-03-08T23:36:59.307+00:00,893.2,1.2,121.0,14.9,DJIFly,1.19.5,0,no
FlightRecord_2026-03-11_[23-13-19].txt,3563f25152ede18d563aca8a8753a2ab1076ad5dd9163d3be307230a9f246af2,Badass V.2,Mavic3Pro,1581F67QC23CN014,4ERKL656G312D5,2026-03-12T06:13:19.717+00:00,269.1,1.8,119.0,15.4,DJIFly,1.19.5,0,no
